--
-- PostgreSQL database dump
--

\restrict HKK9n41V83JRwP5UtQjSWcYW9S7cTzePDYsDJOmQMT7Ezux8CnI6JpRy1WCN54x

-- Dumped from database version 17.7 (Debian 17.7-3.pgdg13+1)
-- Dumped by pg_dump version 17.7 (Debian 17.7-3.pgdg13+1)

SET statement_timeout = 0;
SET lock_timeout = 0;
SET idle_in_transaction_session_timeout = 0;
SET transaction_timeout = 0;
SET client_encoding = 'UTF8';
SET standard_conforming_strings = on;
SELECT pg_catalog.set_config('search_path', '', false);
SET check_function_bodies = false;
SET xmloption = content;
SET client_min_messages = warning;
SET row_security = off;

SET default_tablespace = '';

SET default_table_access_method = heap;

--
-- Name: admin_email_verification_codes; Type: TABLE; Schema: public; Owner: crm_user
--

CREATE TABLE public.admin_email_verification_codes (
    id bigint NOT NULL,
    code character varying(6) NOT NULL,
    created_at timestamp(6) without time zone NOT NULL,
    expires_at timestamp(6) without time zone NOT NULL,
    used boolean NOT NULL,
    user_id bigint NOT NULL
);


ALTER TABLE public.admin_email_verification_codes OWNER TO crm_user;

--
-- Name: admin_email_verification_codes_id_seq; Type: SEQUENCE; Schema: public; Owner: crm_user
--

ALTER TABLE public.admin_email_verification_codes ALTER COLUMN id ADD GENERATED BY DEFAULT AS IDENTITY (
    SEQUENCE NAME public.admin_email_verification_codes_id_seq
    START WITH 1
    INCREMENT BY 1
    NO MINVALUE
    NO MAXVALUE
    CACHE 1
);


--
-- Name: afps; Type: TABLE; Schema: public; Owner: crm_user
--

CREATE TABLE public.afps (
    id bigint NOT NULL,
    name character varying(255) NOT NULL
);


ALTER TABLE public.afps OWNER TO crm_user;

--
-- Name: afps_id_seq; Type: SEQUENCE; Schema: public; Owner: crm_user
--

ALTER TABLE public.afps ALTER COLUMN id ADD GENERATED BY DEFAULT AS IDENTITY (
    SEQUENCE NAME public.afps_id_seq
    START WITH 1
    INCREMENT BY 1
    NO MINVALUE
    NO MAXVALUE
    CACHE 1
);


--
-- Name: banks; Type: TABLE; Schema: public; Owner: crm_user
--

CREATE TABLE public.banks (
    id bigint NOT NULL,
    name character varying(255) NOT NULL
);


ALTER TABLE public.banks OWNER TO crm_user;

--
-- Name: banks_id_seq; Type: SEQUENCE; Schema: public; Owner: crm_user
--

ALTER TABLE public.banks ALTER COLUMN id ADD GENERATED BY DEFAULT AS IDENTITY (
    SEQUENCE NAME public.banks_id_seq
    START WITH 1
    INCREMENT BY 1
    NO MINVALUE
    NO MAXVALUE
    CACHE 1
);


--
-- Name: cities; Type: TABLE; Schema: public; Owner: crm_user
--

CREATE TABLE public.cities (
    id bigint NOT NULL,
    commune_id bigint NOT NULL,
    name character varying(255) NOT NULL
);


ALTER TABLE public.cities OWNER TO crm_user;

--
-- Name: cities_id_seq; Type: SEQUENCE; Schema: public; Owner: crm_user
--

ALTER TABLE public.cities ALTER COLUMN id ADD GENERATED BY DEFAULT AS IDENTITY (
    SEQUENCE NAME public.cities_id_seq
    START WITH 1
    INCREMENT BY 1
    NO MINVALUE
    NO MAXVALUE
    CACHE 1
);


--
-- Name: communes; Type: TABLE; Schema: public; Owner: crm_user
--

CREATE TABLE public.communes (
    id bigint NOT NULL,
    name character varying(255) NOT NULL,
    region_id bigint NOT NULL
);


ALTER TABLE public.communes OWNER TO crm_user;

--
-- Name: communes_id_seq; Type: SEQUENCE; Schema: public; Owner: crm_user
--

ALTER TABLE public.communes ALTER COLUMN id ADD GENERATED BY DEFAULT AS IDENTITY (
    SEQUENCE NAME public.communes_id_seq
    START WITH 1
    INCREMENT BY 1
    NO MINVALUE
    NO MAXVALUE
    CACHE 1
);


--
-- Name: companies; Type: TABLE; Schema: public; Owner: crm_user
--

CREATE TABLE public.companies (
    id bigint NOT NULL,
    name character varying(255) NOT NULL
);


ALTER TABLE public.companies OWNER TO crm_user;

--
-- Name: companies_id_seq; Type: SEQUENCE; Schema: public; Owner: crm_user
--

ALTER TABLE public.companies ALTER COLUMN id ADD GENERATED BY DEFAULT AS IDENTITY (
    SEQUENCE NAME public.companies_id_seq
    START WITH 1
    INCREMENT BY 1
    NO MINVALUE
    NO MAXVALUE
    CACHE 1
);


--
-- Name: contract_statuses; Type: TABLE; Schema: public; Owner: crm_user
--

CREATE TABLE public.contract_statuses (
    id bigint NOT NULL,
    name character varying(255) NOT NULL
);


ALTER TABLE public.contract_statuses OWNER TO crm_user;

--
-- Name: contract_statuses_id_seq; Type: SEQUENCE; Schema: public; Owner: crm_user
--

ALTER TABLE public.contract_statuses ALTER COLUMN id ADD GENERATED BY DEFAULT AS IDENTITY (
    SEQUENCE NAME public.contract_statuses_id_seq
    START WITH 1
    INCREMENT BY 1
    NO MINVALUE
    NO MAXVALUE
    CACHE 1
);


--
-- Name: contract_types; Type: TABLE; Schema: public; Owner: crm_user
--

CREATE TABLE public.contract_types (
    id bigint NOT NULL,
    name character varying(255) NOT NULL
);


ALTER TABLE public.contract_types OWNER TO crm_user;

--
-- Name: contract_types_id_seq; Type: SEQUENCE; Schema: public; Owner: crm_user
--

ALTER TABLE public.contract_types ALTER COLUMN id ADD GENERATED BY DEFAULT AS IDENTITY (
    SEQUENCE NAME public.contract_types_id_seq
    START WITH 1
    INCREMENT BY 1
    NO MINVALUE
    NO MAXVALUE
    CACHE 1
);


--
-- Name: contracts; Type: TABLE; Schema: public; Owner: crm_user
--

CREATE TABLE public.contracts (
    id bigint NOT NULL,
    active boolean,
    agreed_salary character varying(255),
    base_salary character varying(255),
    company_id bigint,
    contract_detail text,
    contract_number character varying(255),
    contract_status_id bigint,
    contract_type_id bigint,
    created_at timestamp(6) without time zone NOT NULL,
    employee_id bigint NOT NULL,
    end_date date,
    job_title_id bigint,
    labor_union_id bigint,
    meal_type_id bigint,
    name character varying(255),
    safety_group_id bigint,
    site_id bigint,
    start_date date,
    status_id bigint,
    transport_type_id bigint,
    updated_at timestamp(6) without time zone,
    vacation_start_date date,
    weekly_work_hours character varying(255),
    work_days character varying(255),
    zone_id bigint
);


ALTER TABLE public.contracts OWNER TO crm_user;

--
-- Name: contracts_id_seq; Type: SEQUENCE; Schema: public; Owner: crm_user
--

ALTER TABLE public.contracts ALTER COLUMN id ADD GENERATED BY DEFAULT AS IDENTITY (
    SEQUENCE NAME public.contracts_id_seq
    START WITH 1
    INCREMENT BY 1
    NO MINVALUE
    NO MAXVALUE
    CACHE 1
);


--
-- Name: driver_licenses; Type: TABLE; Schema: public; Owner: crm_user
--

CREATE TABLE public.driver_licenses (
    id bigint NOT NULL,
    name character varying(255) NOT NULL
);


ALTER TABLE public.driver_licenses OWNER TO crm_user;

--
-- Name: driver_licenses_id_seq; Type: SEQUENCE; Schema: public; Owner: crm_user
--

ALTER TABLE public.driver_licenses ALTER COLUMN id ADD GENERATED BY DEFAULT AS IDENTITY (
    SEQUENCE NAME public.driver_licenses_id_seq
    START WITH 1
    INCREMENT BY 1
    NO MINVALUE
    NO MAXVALUE
    CACHE 1
);


--
-- Name: education_levels; Type: TABLE; Schema: public; Owner: crm_user
--

CREATE TABLE public.education_levels (
    id bigint NOT NULL,
    name character varying(255) NOT NULL
);


ALTER TABLE public.education_levels OWNER TO crm_user;

--
-- Name: education_levels_id_seq; Type: SEQUENCE; Schema: public; Owner: crm_user
--

ALTER TABLE public.education_levels ALTER COLUMN id ADD GENERATED BY DEFAULT AS IDENTITY (
    SEQUENCE NAME public.education_levels_id_seq
    START WITH 1
    INCREMENT BY 1
    NO MINVALUE
    NO MAXVALUE
    CACHE 1
);


--
-- Name: email_verification_codes; Type: TABLE; Schema: public; Owner: crm_user
--

CREATE TABLE public.email_verification_codes (
    id bigint NOT NULL,
    code character varying(6) NOT NULL,
    created_at timestamp(6) without time zone NOT NULL,
    expires_at timestamp(6) without time zone NOT NULL,
    used boolean NOT NULL,
    user_id bigint NOT NULL
);


ALTER TABLE public.email_verification_codes OWNER TO crm_user;

--
-- Name: email_verification_codes_id_seq; Type: SEQUENCE; Schema: public; Owner: crm_user
--

ALTER TABLE public.email_verification_codes ALTER COLUMN id ADD GENERATED BY DEFAULT AS IDENTITY (
    SEQUENCE NAME public.email_verification_codes_id_seq
    START WITH 1
    INCREMENT BY 1
    NO MINVALUE
    NO MAXVALUE
    CACHE 1
);


--
-- Name: emergency_contact_relationships; Type: TABLE; Schema: public; Owner: crm_user
--

CREATE TABLE public.emergency_contact_relationships (
    id bigint NOT NULL,
    name character varying(255) NOT NULL
);


ALTER TABLE public.emergency_contact_relationships OWNER TO crm_user;

--
-- Name: emergency_contact_relationships_id_seq; Type: SEQUENCE; Schema: public; Owner: crm_user
--

ALTER TABLE public.emergency_contact_relationships ALTER COLUMN id ADD GENERATED BY DEFAULT AS IDENTITY (
    SEQUENCE NAME public.emergency_contact_relationships_id_seq
    START WITH 1
    INCREMENT BY 1
    NO MINVALUE
    NO MAXVALUE
    CACHE 1
);


--
-- Name: employee_statuses; Type: TABLE; Schema: public; Owner: crm_user
--

CREATE TABLE public.employee_statuses (
    id bigint NOT NULL,
    name character varying(255) NOT NULL
);


ALTER TABLE public.employee_statuses OWNER TO crm_user;

--
-- Name: employee_statuses_id_seq; Type: SEQUENCE; Schema: public; Owner: crm_user
--

ALTER TABLE public.employee_statuses ALTER COLUMN id ADD GENERATED BY DEFAULT AS IDENTITY (
    SEQUENCE NAME public.employee_statuses_id_seq
    START WITH 1
    INCREMENT BY 1
    NO MINVALUE
    NO MAXVALUE
    CACHE 1
);


--
-- Name: employees; Type: TABLE; Schema: public; Owner: crm_user
--

CREATE TABLE public.employees (
    id bigint NOT NULL,
    active boolean,
    afp_id bigint,
    bank_account character varying(255),
    bank_id bigint,
    birth_date date,
    block character varying(255),
    city_id bigint,
    clothing_size character varying(255),
    commune_id bigint,
    corporate_email character varying(255),
    created_at timestamp(6) without time zone,
    department character varying(255),
    driver_license_id bigint,
    education_level_id bigint,
    emergency_contact_name character varying(255),
    emergency_contact_phone character varying(255),
    emergency_contact_phone2 character varying(255),
    emergency_contact_relationship_id bigint,
    expat_id bigint,
    family_allowance_tier_id bigint,
    first_name character varying(255),
    flexline_id integer,
    gender_id bigint,
    health_insurance_id bigint,
    health_insurance_pesos character varying(255),
    health_insurance_tariff_id bigint,
    health_insuranceuf character varying(255),
    identification character varying(255),
    identification_type_id bigint,
    isapre_fun character varying(255),
    marital_status_id bigint,
    maternal_last_name character varying(255),
    nationality_id bigint,
    pant_size character varying(255),
    paternal_last_name character varying(255),
    payment_method_id bigint,
    pension_status_id bigint,
    personal_email character varying(255),
    phone character varying(255),
    phone2 character varying(255),
    postal_code character varying(255),
    profession_id bigint,
    region_id bigint,
    rehire_eligible boolean,
    retirement_status_id bigint,
    shoe_size character varying(255),
    street_name character varying(255),
    street_number character varying(255),
    updated_at timestamp(6) without time zone,
    user_id bigint,
    village character varying(255),
    status_id bigint,
    has_contract boolean
);


ALTER TABLE public.employees OWNER TO crm_user;

--
-- Name: employees_id_seq; Type: SEQUENCE; Schema: public; Owner: crm_user
--

ALTER TABLE public.employees ALTER COLUMN id ADD GENERATED BY DEFAULT AS IDENTITY (
    SEQUENCE NAME public.employees_id_seq
    START WITH 1
    INCREMENT BY 1
    NO MINVALUE
    NO MAXVALUE
    CACHE 1
);


--
-- Name: expats; Type: TABLE; Schema: public; Owner: crm_user
--

CREATE TABLE public.expats (
    id bigint NOT NULL,
    name character varying(255) NOT NULL
);


ALTER TABLE public.expats OWNER TO crm_user;

--
-- Name: expats_id_seq; Type: SEQUENCE; Schema: public; Owner: crm_user
--

ALTER TABLE public.expats ALTER COLUMN id ADD GENERATED BY DEFAULT AS IDENTITY (
    SEQUENCE NAME public.expats_id_seq
    START WITH 1
    INCREMENT BY 1
    NO MINVALUE
    NO MAXVALUE
    CACHE 1
);


--
-- Name: family_allowance_tiers; Type: TABLE; Schema: public; Owner: crm_user
--

CREATE TABLE public.family_allowance_tiers (
    id bigint NOT NULL,
    name character varying(255) NOT NULL
);


ALTER TABLE public.family_allowance_tiers OWNER TO crm_user;

--
-- Name: family_allowance_tiers_id_seq; Type: SEQUENCE; Schema: public; Owner: crm_user
--

ALTER TABLE public.family_allowance_tiers ALTER COLUMN id ADD GENERATED BY DEFAULT AS IDENTITY (
    SEQUENCE NAME public.family_allowance_tiers_id_seq
    START WITH 1
    INCREMENT BY 1
    NO MINVALUE
    NO MAXVALUE
    CACHE 1
);


--
-- Name: file_metadata; Type: TABLE; Schema: public; Owner: crm_user
--

CREATE TABLE public.file_metadata (
    id bigint NOT NULL,
    bucket character varying(255) NOT NULL,
    content_type character varying(255),
    created_at timestamp(6) without time zone NOT NULL,
    entity_id bigint,
    entity_type character varying(255),
    file_name character varying(255) NOT NULL,
    is_public boolean NOT NULL,
    s3_key character varying(255) NOT NULL,
    size bigint,
    uploaded_by bigint NOT NULL
);


ALTER TABLE public.file_metadata OWNER TO crm_user;

--
-- Name: file_metadata_id_seq; Type: SEQUENCE; Schema: public; Owner: crm_user
--

ALTER TABLE public.file_metadata ALTER COLUMN id ADD GENERATED BY DEFAULT AS IDENTITY (
    SEQUENCE NAME public.file_metadata_id_seq
    START WITH 1
    INCREMENT BY 1
    NO MINVALUE
    NO MAXVALUE
    CACHE 1
);


--
-- Name: genders; Type: TABLE; Schema: public; Owner: crm_user
--

CREATE TABLE public.genders (
    id bigint NOT NULL,
    name character varying(255) NOT NULL
);


ALTER TABLE public.genders OWNER TO crm_user;

--
-- Name: genders_id_seq; Type: SEQUENCE; Schema: public; Owner: crm_user
--

ALTER TABLE public.genders ALTER COLUMN id ADD GENERATED BY DEFAULT AS IDENTITY (
    SEQUENCE NAME public.genders_id_seq
    START WITH 1
    INCREMENT BY 1
    NO MINVALUE
    NO MAXVALUE
    CACHE 1
);


--
-- Name: health_insurance_tariffs; Type: TABLE; Schema: public; Owner: crm_user
--

CREATE TABLE public.health_insurance_tariffs (
    id bigint NOT NULL,
    name character varying(255) NOT NULL
);


ALTER TABLE public.health_insurance_tariffs OWNER TO crm_user;

--
-- Name: health_insurance_tariffs_id_seq; Type: SEQUENCE; Schema: public; Owner: crm_user
--

ALTER TABLE public.health_insurance_tariffs ALTER COLUMN id ADD GENERATED BY DEFAULT AS IDENTITY (
    SEQUENCE NAME public.health_insurance_tariffs_id_seq
    START WITH 1
    INCREMENT BY 1
    NO MINVALUE
    NO MAXVALUE
    CACHE 1
);


--
-- Name: health_insurances; Type: TABLE; Schema: public; Owner: crm_user
--

CREATE TABLE public.health_insurances (
    id bigint NOT NULL,
    name character varying(255) NOT NULL
);


ALTER TABLE public.health_insurances OWNER TO crm_user;

--
-- Name: health_insurances_id_seq; Type: SEQUENCE; Schema: public; Owner: crm_user
--

ALTER TABLE public.health_insurances ALTER COLUMN id ADD GENERATED BY DEFAULT AS IDENTITY (
    SEQUENCE NAME public.health_insurances_id_seq
    START WITH 1
    INCREMENT BY 1
    NO MINVALUE
    NO MAXVALUE
    CACHE 1
);


--
-- Name: hr_request_types; Type: TABLE; Schema: public; Owner: crm_user
--

CREATE TABLE public.hr_request_types (
    id bigint NOT NULL,
    description character varying(255),
    name character varying(255) NOT NULL,
    require_approval boolean NOT NULL
);


ALTER TABLE public.hr_request_types OWNER TO crm_user;

--
-- Name: hr_request_types_id_seq; Type: SEQUENCE; Schema: public; Owner: crm_user
--

ALTER TABLE public.hr_request_types ALTER COLUMN id ADD GENERATED BY DEFAULT AS IDENTITY (
    SEQUENCE NAME public.hr_request_types_id_seq
    START WITH 1
    INCREMENT BY 1
    NO MINVALUE
    NO MAXVALUE
    CACHE 1
);


--
-- Name: hr_requests; Type: TABLE; Schema: public; Owner: crm_user
--

CREATE TABLE public.hr_requests (
    id bigint NOT NULL,
    approval_date timestamp(6) without time zone,
    approver_id bigint,
    created_at timestamp(6) without time zone NOT NULL,
    hhrr_approval_date timestamp(6) without time zone,
    hhrr_approver_id bigint,
    id_module bigint NOT NULL,
    rejection_detail character varying(255),
    request_type_id bigint NOT NULL,
    require_approval boolean NOT NULL,
    status_id bigint NOT NULL,
    updated_at timestamp(6) without time zone,
    action character varying(255),
    proposed_data text,
    contract_id bigint,
    settlement_id bigint
);


ALTER TABLE public.hr_requests OWNER TO crm_user;

--
-- Name: hr_requests_id_seq; Type: SEQUENCE; Schema: public; Owner: crm_user
--

ALTER TABLE public.hr_requests ALTER COLUMN id ADD GENERATED BY DEFAULT AS IDENTITY (
    SEQUENCE NAME public.hr_requests_id_seq
    START WITH 1
    INCREMENT BY 1
    NO MINVALUE
    NO MAXVALUE
    CACHE 1
);


--
-- Name: identification_types; Type: TABLE; Schema: public; Owner: crm_user
--

CREATE TABLE public.identification_types (
    id bigint NOT NULL,
    name character varying(255) NOT NULL,
    status boolean
);


ALTER TABLE public.identification_types OWNER TO crm_user;

--
-- Name: identification_types_id_seq; Type: SEQUENCE; Schema: public; Owner: crm_user
--

ALTER TABLE public.identification_types ALTER COLUMN id ADD GENERATED BY DEFAULT AS IDENTITY (
    SEQUENCE NAME public.identification_types_id_seq
    START WITH 1
    INCREMENT BY 1
    NO MINVALUE
    NO MAXVALUE
    CACHE 1
);


--
-- Name: job_titles; Type: TABLE; Schema: public; Owner: crm_user
--

CREATE TABLE public.job_titles (
    id bigint NOT NULL,
    name character varying(255) NOT NULL
);


ALTER TABLE public.job_titles OWNER TO crm_user;

--
-- Name: job_titles_id_seq; Type: SEQUENCE; Schema: public; Owner: crm_user
--

ALTER TABLE public.job_titles ALTER COLUMN id ADD GENERATED BY DEFAULT AS IDENTITY (
    SEQUENCE NAME public.job_titles_id_seq
    START WITH 1
    INCREMENT BY 1
    NO MINVALUE
    NO MAXVALUE
    CACHE 1
);


--
-- Name: labor_unions; Type: TABLE; Schema: public; Owner: crm_user
--

CREATE TABLE public.labor_unions (
    id bigint NOT NULL,
    name character varying(255) NOT NULL
);


ALTER TABLE public.labor_unions OWNER TO crm_user;

--
-- Name: labor_unions_id_seq; Type: SEQUENCE; Schema: public; Owner: crm_user
--

ALTER TABLE public.labor_unions ALTER COLUMN id ADD GENERATED BY DEFAULT AS IDENTITY (
    SEQUENCE NAME public.labor_unions_id_seq
    START WITH 1
    INCREMENT BY 1
    NO MINVALUE
    NO MAXVALUE
    CACHE 1
);


--
-- Name: legal_termination_causes; Type: TABLE; Schema: public; Owner: crm_user
--

CREATE TABLE public.legal_termination_causes (
    id bigint NOT NULL,
    active boolean,
    created_at timestamp(6) without time zone NOT NULL,
    description text,
    name character varying(255) NOT NULL,
    updated_at timestamp(6) without time zone
);


ALTER TABLE public.legal_termination_causes OWNER TO crm_user;

--
-- Name: legal_termination_causes_id_seq; Type: SEQUENCE; Schema: public; Owner: crm_user
--

ALTER TABLE public.legal_termination_causes ALTER COLUMN id ADD GENERATED BY DEFAULT AS IDENTITY (
    SEQUENCE NAME public.legal_termination_causes_id_seq
    START WITH 1
    INCREMENT BY 1
    NO MINVALUE
    NO MAXVALUE
    CACHE 1
);


--
-- Name: marital_statuses; Type: TABLE; Schema: public; Owner: crm_user
--

CREATE TABLE public.marital_statuses (
    id bigint NOT NULL,
    name character varying(255) NOT NULL
);


ALTER TABLE public.marital_statuses OWNER TO crm_user;

--
-- Name: marital_statuses_id_seq; Type: SEQUENCE; Schema: public; Owner: crm_user
--

ALTER TABLE public.marital_statuses ALTER COLUMN id ADD GENERATED BY DEFAULT AS IDENTITY (
    SEQUENCE NAME public.marital_statuses_id_seq
    START WITH 1
    INCREMENT BY 1
    NO MINVALUE
    NO MAXVALUE
    CACHE 1
);


--
-- Name: meal_types; Type: TABLE; Schema: public; Owner: crm_user
--

CREATE TABLE public.meal_types (
    id bigint NOT NULL,
    description character varying(255),
    name character varying(255) NOT NULL
);


ALTER TABLE public.meal_types OWNER TO crm_user;

--
-- Name: meal_types_id_seq; Type: SEQUENCE; Schema: public; Owner: crm_user
--

ALTER TABLE public.meal_types ALTER COLUMN id ADD GENERATED BY DEFAULT AS IDENTITY (
    SEQUENCE NAME public.meal_types_id_seq
    START WITH 1
    INCREMENT BY 1
    NO MINVALUE
    NO MAXVALUE
    CACHE 1
);


--
-- Name: nationalities; Type: TABLE; Schema: public; Owner: crm_user
--

CREATE TABLE public.nationalities (
    id bigint NOT NULL,
    name character varying(255) NOT NULL
);


ALTER TABLE public.nationalities OWNER TO crm_user;

--
-- Name: nationalities_id_seq; Type: SEQUENCE; Schema: public; Owner: crm_user
--

ALTER TABLE public.nationalities ALTER COLUMN id ADD GENERATED BY DEFAULT AS IDENTITY (
    SEQUENCE NAME public.nationalities_id_seq
    START WITH 1
    INCREMENT BY 1
    NO MINVALUE
    NO MAXVALUE
    CACHE 1
);


--
-- Name: no_re_hired_causes; Type: TABLE; Schema: public; Owner: crm_user
--

CREATE TABLE public.no_re_hired_causes (
    id bigint NOT NULL,
    active boolean,
    created_at timestamp(6) without time zone NOT NULL,
    description text,
    name character varying(255) NOT NULL,
    updated_at timestamp(6) without time zone
);


ALTER TABLE public.no_re_hired_causes OWNER TO crm_user;

--
-- Name: no_re_hired_causes_id_seq; Type: SEQUENCE; Schema: public; Owner: crm_user
--

ALTER TABLE public.no_re_hired_causes ALTER COLUMN id ADD GENERATED BY DEFAULT AS IDENTITY (
    SEQUENCE NAME public.no_re_hired_causes_id_seq
    START WITH 1
    INCREMENT BY 1
    NO MINVALUE
    NO MAXVALUE
    CACHE 1
);


--
-- Name: notifications; Type: TABLE; Schema: public; Owner: crm_user
--

CREATE TABLE public.notifications (
    id bigint NOT NULL,
    archived boolean NOT NULL,
    created_at timestamp(6) without time zone NOT NULL,
    message text NOT NULL,
    is_read boolean NOT NULL,
    read_at timestamp(6) without time zone,
    title character varying(255) NOT NULL,
    type character varying(20) NOT NULL,
    user_id bigint NOT NULL
);


ALTER TABLE public.notifications OWNER TO crm_user;

--
-- Name: notifications_id_seq; Type: SEQUENCE; Schema: public; Owner: crm_user
--

ALTER TABLE public.notifications ALTER COLUMN id ADD GENERATED BY DEFAULT AS IDENTITY (
    SEQUENCE NAME public.notifications_id_seq
    START WITH 1
    INCREMENT BY 1
    NO MINVALUE
    NO MAXVALUE
    CACHE 1
);


--
-- Name: password_reset_tokens; Type: TABLE; Schema: public; Owner: crm_user
--

CREATE TABLE public.password_reset_tokens (
    id bigint NOT NULL,
    created_at timestamp(6) without time zone NOT NULL,
    expires_at timestamp(6) without time zone NOT NULL,
    token character varying(500) NOT NULL,
    used boolean NOT NULL,
    used_at timestamp(6) without time zone,
    user_id bigint NOT NULL
);


ALTER TABLE public.password_reset_tokens OWNER TO crm_user;

--
-- Name: password_reset_tokens_id_seq; Type: SEQUENCE; Schema: public; Owner: crm_user
--

ALTER TABLE public.password_reset_tokens ALTER COLUMN id ADD GENERATED BY DEFAULT AS IDENTITY (
    SEQUENCE NAME public.password_reset_tokens_id_seq
    START WITH 1
    INCREMENT BY 1
    NO MINVALUE
    NO MAXVALUE
    CACHE 1
);


--
-- Name: payment_methods; Type: TABLE; Schema: public; Owner: crm_user
--

CREATE TABLE public.payment_methods (
    id bigint NOT NULL,
    name character varying(255) NOT NULL
);


ALTER TABLE public.payment_methods OWNER TO crm_user;

--
-- Name: payment_methods_id_seq; Type: SEQUENCE; Schema: public; Owner: crm_user
--

ALTER TABLE public.payment_methods ALTER COLUMN id ADD GENERATED BY DEFAULT AS IDENTITY (
    SEQUENCE NAME public.payment_methods_id_seq
    START WITH 1
    INCREMENT BY 1
    NO MINVALUE
    NO MAXVALUE
    CACHE 1
);


--
-- Name: pension_statuses; Type: TABLE; Schema: public; Owner: crm_user
--

CREATE TABLE public.pension_statuses (
    id bigint NOT NULL,
    name character varying(255) NOT NULL
);


ALTER TABLE public.pension_statuses OWNER TO crm_user;

--
-- Name: pension_statuses_id_seq; Type: SEQUENCE; Schema: public; Owner: crm_user
--

ALTER TABLE public.pension_statuses ALTER COLUMN id ADD GENERATED BY DEFAULT AS IDENTITY (
    SEQUENCE NAME public.pension_statuses_id_seq
    START WITH 1
    INCREMENT BY 1
    NO MINVALUE
    NO MAXVALUE
    CACHE 1
);


--
-- Name: permissions; Type: TABLE; Schema: public; Owner: crm_user
--

CREATE TABLE public.permissions (
    id bigint NOT NULL,
    created_at timestamp(6) without time zone NOT NULL,
    description character varying(255),
    name character varying(100) NOT NULL
);


ALTER TABLE public.permissions OWNER TO crm_user;

--
-- Name: permissions_id_seq; Type: SEQUENCE; Schema: public; Owner: crm_user
--

ALTER TABLE public.permissions ALTER COLUMN id ADD GENERATED BY DEFAULT AS IDENTITY (
    SEQUENCE NAME public.permissions_id_seq
    START WITH 1
    INCREMENT BY 1
    NO MINVALUE
    NO MAXVALUE
    CACHE 1
);


--
-- Name: professions; Type: TABLE; Schema: public; Owner: crm_user
--

CREATE TABLE public.professions (
    id bigint NOT NULL,
    name character varying(255) NOT NULL
);


ALTER TABLE public.professions OWNER TO crm_user;

--
-- Name: professions_id_seq; Type: SEQUENCE; Schema: public; Owner: crm_user
--

ALTER TABLE public.professions ALTER COLUMN id ADD GENERATED BY DEFAULT AS IDENTITY (
    SEQUENCE NAME public.professions_id_seq
    START WITH 1
    INCREMENT BY 1
    NO MINVALUE
    NO MAXVALUE
    CACHE 1
);


--
-- Name: project_company_representatives; Type: TABLE; Schema: public; Owner: crm_user
--

CREATE TABLE public.project_company_representatives (
    project_id bigint NOT NULL,
    employee_id bigint
);


ALTER TABLE public.project_company_representatives OWNER TO crm_user;

--
-- Name: project_specialties; Type: TABLE; Schema: public; Owner: crm_user
--

CREATE TABLE public.project_specialties (
    id bigint NOT NULL,
    active boolean,
    created_at timestamp(6) without time zone NOT NULL,
    description text,
    name character varying(255) NOT NULL,
    updated_at timestamp(6) without time zone
);


ALTER TABLE public.project_specialties OWNER TO crm_user;

--
-- Name: project_specialties_id_seq; Type: SEQUENCE; Schema: public; Owner: crm_user
--

ALTER TABLE public.project_specialties ALTER COLUMN id ADD GENERATED BY DEFAULT AS IDENTITY (
    SEQUENCE NAME public.project_specialties_id_seq
    START WITH 1
    INCREMENT BY 1
    NO MINVALUE
    NO MAXVALUE
    CACHE 1
);


--
-- Name: project_statuses; Type: TABLE; Schema: public; Owner: crm_user
--

CREATE TABLE public.project_statuses (
    id bigint NOT NULL,
    active boolean,
    created_at timestamp(6) without time zone NOT NULL,
    description text,
    name character varying(255) NOT NULL,
    updated_at timestamp(6) without time zone
);


ALTER TABLE public.project_statuses OWNER TO crm_user;

--
-- Name: project_statuses_id_seq; Type: SEQUENCE; Schema: public; Owner: crm_user
--

ALTER TABLE public.project_statuses ALTER COLUMN id ADD GENERATED BY DEFAULT AS IDENTITY (
    SEQUENCE NAME public.project_statuses_id_seq
    START WITH 1
    INCREMENT BY 1
    NO MINVALUE
    NO MAXVALUE
    CACHE 1
);


--
-- Name: project_types; Type: TABLE; Schema: public; Owner: crm_user
--

CREATE TABLE public.project_types (
    id bigint NOT NULL,
    active boolean,
    created_at timestamp(6) without time zone NOT NULL,
    description text,
    name character varying(255) NOT NULL,
    updated_at timestamp(6) without time zone
);


ALTER TABLE public.project_types OWNER TO crm_user;

--
-- Name: project_types_id_seq; Type: SEQUENCE; Schema: public; Owner: crm_user
--

ALTER TABLE public.project_types ALTER COLUMN id ADD GENERATED BY DEFAULT AS IDENTITY (
    SEQUENCE NAME public.project_types_id_seq
    START WITH 1
    INCREMENT BY 1
    NO MINVALUE
    NO MAXVALUE
    CACHE 1
);


--
-- Name: projects; Type: TABLE; Schema: public; Owner: crm_user
--

CREATE TABLE public.projects (
    id bigint NOT NULL,
    active boolean,
    address character varying(255),
    cost_center integer NOT NULL,
    created_at timestamp(6) without time zone NOT NULL,
    description text,
    end_date date,
    name character varying(255) NOT NULL,
    real_end_date date,
    real_start_date date,
    start_date date,
    supervisor_id bigint,
    updated_at timestamp(6) without time zone,
    visitor_id bigint,
    specialty_id bigint,
    status_id bigint,
    type_id bigint
);


ALTER TABLE public.projects OWNER TO crm_user;

--
-- Name: projects_id_seq; Type: SEQUENCE; Schema: public; Owner: crm_user
--

ALTER TABLE public.projects ALTER COLUMN id ADD GENERATED BY DEFAULT AS IDENTITY (
    SEQUENCE NAME public.projects_id_seq
    START WITH 1
    INCREMENT BY 1
    NO MINVALUE
    NO MAXVALUE
    CACHE 1
);


--
-- Name: quality_of_work; Type: TABLE; Schema: public; Owner: crm_user
--

CREATE TABLE public.quality_of_work (
    id bigint NOT NULL,
    active boolean,
    created_at timestamp(6) without time zone NOT NULL,
    description text,
    name character varying(255) NOT NULL,
    updated_at timestamp(6) without time zone
);


ALTER TABLE public.quality_of_work OWNER TO crm_user;

--
-- Name: quality_of_work_id_seq; Type: SEQUENCE; Schema: public; Owner: crm_user
--

ALTER TABLE public.quality_of_work ALTER COLUMN id ADD GENERATED BY DEFAULT AS IDENTITY (
    SEQUENCE NAME public.quality_of_work_id_seq
    START WITH 1
    INCREMENT BY 1
    NO MINVALUE
    NO MAXVALUE
    CACHE 1
);


--
-- Name: refresh_tokens; Type: TABLE; Schema: public; Owner: crm_user
--

CREATE TABLE public.refresh_tokens (
    id bigint NOT NULL,
    created_at timestamp(6) without time zone NOT NULL,
    expires_at timestamp(6) without time zone NOT NULL,
    revoked boolean NOT NULL,
    revoked_at timestamp(6) without time zone,
    token character varying(500) NOT NULL,
    user_id bigint NOT NULL
);


ALTER TABLE public.refresh_tokens OWNER TO crm_user;

--
-- Name: refresh_tokens_id_seq; Type: SEQUENCE; Schema: public; Owner: crm_user
--

ALTER TABLE public.refresh_tokens ALTER COLUMN id ADD GENERATED BY DEFAULT AS IDENTITY (
    SEQUENCE NAME public.refresh_tokens_id_seq
    START WITH 1
    INCREMENT BY 1
    NO MINVALUE
    NO MAXVALUE
    CACHE 1
);


--
-- Name: regions; Type: TABLE; Schema: public; Owner: crm_user
--

CREATE TABLE public.regions (
    id bigint NOT NULL,
    name character varying(255) NOT NULL
);


ALTER TABLE public.regions OWNER TO crm_user;

--
-- Name: regions_id_seq; Type: SEQUENCE; Schema: public; Owner: crm_user
--

ALTER TABLE public.regions ALTER COLUMN id ADD GENERATED BY DEFAULT AS IDENTITY (
    SEQUENCE NAME public.regions_id_seq
    START WITH 1
    INCREMENT BY 1
    NO MINVALUE
    NO MAXVALUE
    CACHE 1
);


--
-- Name: retirement_statuses; Type: TABLE; Schema: public; Owner: crm_user
--

CREATE TABLE public.retirement_statuses (
    id bigint NOT NULL,
    name character varying(255) NOT NULL
);


ALTER TABLE public.retirement_statuses OWNER TO crm_user;

--
-- Name: retirement_statuses_id_seq; Type: SEQUENCE; Schema: public; Owner: crm_user
--

ALTER TABLE public.retirement_statuses ALTER COLUMN id ADD GENERATED BY DEFAULT AS IDENTITY (
    SEQUENCE NAME public.retirement_statuses_id_seq
    START WITH 1
    INCREMENT BY 1
    NO MINVALUE
    NO MAXVALUE
    CACHE 1
);


--
-- Name: role_permissions; Type: TABLE; Schema: public; Owner: crm_user
--

CREATE TABLE public.role_permissions (
    role_id bigint NOT NULL,
    permission_id bigint NOT NULL
);


ALTER TABLE public.role_permissions OWNER TO crm_user;

--
-- Name: roles; Type: TABLE; Schema: public; Owner: crm_user
--

CREATE TABLE public.roles (
    id bigint NOT NULL,
    created_at timestamp(6) without time zone NOT NULL,
    description character varying(255),
    name character varying(50) NOT NULL,
    updated_at timestamp(6) without time zone,
    enabled boolean DEFAULT true NOT NULL
);


ALTER TABLE public.roles OWNER TO crm_user;

--
-- Name: roles_id_seq; Type: SEQUENCE; Schema: public; Owner: crm_user
--

ALTER TABLE public.roles ALTER COLUMN id ADD GENERATED BY DEFAULT AS IDENTITY (
    SEQUENCE NAME public.roles_id_seq
    START WITH 1
    INCREMENT BY 1
    NO MINVALUE
    NO MAXVALUE
    CACHE 1
);


--
-- Name: safety_compliances; Type: TABLE; Schema: public; Owner: crm_user
--

CREATE TABLE public.safety_compliances (
    id bigint NOT NULL,
    active boolean,
    created_at timestamp(6) without time zone NOT NULL,
    description text,
    name character varying(255) NOT NULL,
    updated_at timestamp(6) without time zone
);


ALTER TABLE public.safety_compliances OWNER TO crm_user;

--
-- Name: safety_compliances_id_seq; Type: SEQUENCE; Schema: public; Owner: crm_user
--

ALTER TABLE public.safety_compliances ALTER COLUMN id ADD GENERATED BY DEFAULT AS IDENTITY (
    SEQUENCE NAME public.safety_compliances_id_seq
    START WITH 1
    INCREMENT BY 1
    NO MINVALUE
    NO MAXVALUE
    CACHE 1
);


--
-- Name: safety_groups; Type: TABLE; Schema: public; Owner: crm_user
--

CREATE TABLE public.safety_groups (
    id bigint NOT NULL,
    name character varying(255) NOT NULL
);


ALTER TABLE public.safety_groups OWNER TO crm_user;

--
-- Name: safety_groups_id_seq; Type: SEQUENCE; Schema: public; Owner: crm_user
--

ALTER TABLE public.safety_groups ALTER COLUMN id ADD GENERATED BY DEFAULT AS IDENTITY (
    SEQUENCE NAME public.safety_groups_id_seq
    START WITH 1
    INCREMENT BY 1
    NO MINVALUE
    NO MAXVALUE
    CACHE 1
);


--
-- Name: settlements; Type: TABLE; Schema: public; Owner: crm_user
--

CREATE TABLE public.settlements (
    id bigint NOT NULL,
    contract_id bigint NOT NULL,
    created_at timestamp(6) without time zone NOT NULL,
    employee_id bigint NOT NULL,
    end_date date NOT NULL,
    hr_request_id bigint,
    observations text,
    rehire_eligible boolean NOT NULL,
    termination_document_url character varying(255),
    updated_at timestamp(6) without time zone,
    legal_termination_cause_id bigint,
    no_re_hired_cause_id bigint,
    quality_of_work_id bigint,
    safety_compliance_id bigint
);


ALTER TABLE public.settlements OWNER TO crm_user;

--
-- Name: settlements_id_seq; Type: SEQUENCE; Schema: public; Owner: crm_user
--

ALTER TABLE public.settlements ALTER COLUMN id ADD GENERATED BY DEFAULT AS IDENTITY (
    SEQUENCE NAME public.settlements_id_seq
    START WITH 1
    INCREMENT BY 1
    NO MINVALUE
    NO MAXVALUE
    CACHE 1
);


--
-- Name: sites; Type: TABLE; Schema: public; Owner: crm_user
--

CREATE TABLE public.sites (
    id bigint NOT NULL,
    name character varying(255) NOT NULL
);


ALTER TABLE public.sites OWNER TO crm_user;

--
-- Name: sites_id_seq; Type: SEQUENCE; Schema: public; Owner: crm_user
--

ALTER TABLE public.sites ALTER COLUMN id ADD GENERATED BY DEFAULT AS IDENTITY (
    SEQUENCE NAME public.sites_id_seq
    START WITH 1
    INCREMENT BY 1
    NO MINVALUE
    NO MAXVALUE
    CACHE 1
);


--
-- Name: termination_agreements; Type: TABLE; Schema: public; Owner: crm_user
--

CREATE TABLE public.termination_agreements (
    id bigint NOT NULL,
    contract_id bigint NOT NULL,
    created_at timestamp(6) without time zone NOT NULL,
    employee_id bigint NOT NULL,
    end_date date NOT NULL,
    hr_request_id bigint,
    observations text,
    rehire_eligible boolean NOT NULL,
    status character varying(255) NOT NULL,
    termination_document_url character varying(255),
    updated_at timestamp(6) without time zone,
    legal_termination_cause_id bigint,
    no_re_hired_cause_id bigint,
    quality_of_work_id bigint,
    safety_compliance_id bigint
);


ALTER TABLE public.termination_agreements OWNER TO crm_user;

--
-- Name: termination_agreements_id_seq; Type: SEQUENCE; Schema: public; Owner: crm_user
--

ALTER TABLE public.termination_agreements ALTER COLUMN id ADD GENERATED BY DEFAULT AS IDENTITY (
    SEQUENCE NAME public.termination_agreements_id_seq
    START WITH 1
    INCREMENT BY 1
    NO MINVALUE
    NO MAXVALUE
    CACHE 1
);


--
-- Name: termination_quiz_option; Type: TABLE; Schema: public; Owner: crm_user
--

CREATE TABLE public.termination_quiz_option (
    id bigint NOT NULL,
    display_order integer,
    label character varying(255) NOT NULL,
    question_id bigint NOT NULL
);


ALTER TABLE public.termination_quiz_option OWNER TO crm_user;

--
-- Name: termination_quiz_option_id_seq; Type: SEQUENCE; Schema: public; Owner: crm_user
--

ALTER TABLE public.termination_quiz_option ALTER COLUMN id ADD GENERATED BY DEFAULT AS IDENTITY (
    SEQUENCE NAME public.termination_quiz_option_id_seq
    START WITH 1
    INCREMENT BY 1
    NO MINVALUE
    NO MAXVALUE
    CACHE 1
);


--
-- Name: termination_quiz_question; Type: TABLE; Schema: public; Owner: crm_user
--

CREATE TABLE public.termination_quiz_question (
    id bigint NOT NULL,
    active boolean,
    created_at timestamp(6) without time zone NOT NULL,
    display_order integer,
    question text NOT NULL,
    question_group character varying(255),
    required boolean NOT NULL,
    updated_at timestamp(6) without time zone
);


ALTER TABLE public.termination_quiz_question OWNER TO crm_user;

--
-- Name: termination_quiz_question_id_seq; Type: SEQUENCE; Schema: public; Owner: crm_user
--

ALTER TABLE public.termination_quiz_question ALTER COLUMN id ADD GENERATED BY DEFAULT AS IDENTITY (
    SEQUENCE NAME public.termination_quiz_question_id_seq
    START WITH 1
    INCREMENT BY 1
    NO MINVALUE
    NO MAXVALUE
    CACHE 1
);


--
-- Name: transport_types; Type: TABLE; Schema: public; Owner: crm_user
--

CREATE TABLE public.transport_types (
    id bigint NOT NULL,
    description character varying(255),
    name character varying(255) NOT NULL
);


ALTER TABLE public.transport_types OWNER TO crm_user;

--
-- Name: transport_types_id_seq; Type: SEQUENCE; Schema: public; Owner: crm_user
--

ALTER TABLE public.transport_types ALTER COLUMN id ADD GENERATED BY DEFAULT AS IDENTITY (
    SEQUENCE NAME public.transport_types_id_seq
    START WITH 1
    INCREMENT BY 1
    NO MINVALUE
    NO MAXVALUE
    CACHE 1
);


--
-- Name: user_mfa; Type: TABLE; Schema: public; Owner: crm_user
--

CREATE TABLE public.user_mfa (
    id bigint NOT NULL,
    created_at timestamp(6) without time zone NOT NULL,
    enabled boolean NOT NULL,
    totp_secret character varying(64) NOT NULL,
    user_id bigint NOT NULL,
    verified_at timestamp(6) without time zone
);


ALTER TABLE public.user_mfa OWNER TO crm_user;

--
-- Name: user_mfa_id_seq; Type: SEQUENCE; Schema: public; Owner: crm_user
--

ALTER TABLE public.user_mfa ALTER COLUMN id ADD GENERATED BY DEFAULT AS IDENTITY (
    SEQUENCE NAME public.user_mfa_id_seq
    START WITH 1
    INCREMENT BY 1
    NO MINVALUE
    NO MAXVALUE
    CACHE 1
);


--
-- Name: user_roles; Type: TABLE; Schema: public; Owner: crm_user
--

CREATE TABLE public.user_roles (
    user_id bigint NOT NULL,
    role_id bigint NOT NULL
);


ALTER TABLE public.user_roles OWNER TO crm_user;

--
-- Name: user_sessions; Type: TABLE; Schema: public; Owner: crm_user
--

CREATE TABLE public.user_sessions (
    id bigint NOT NULL,
    created_at timestamp(6) without time zone NOT NULL,
    device_id character varying(128),
    ip_address character varying(45) NOT NULL,
    last_seen_at timestamp(6) without time zone NOT NULL,
    revoked boolean NOT NULL,
    revoked_at timestamp(6) without time zone,
    user_agent character varying(512),
    user_id bigint NOT NULL
);


ALTER TABLE public.user_sessions OWNER TO crm_user;

--
-- Name: user_sessions_id_seq; Type: SEQUENCE; Schema: public; Owner: crm_user
--

ALTER TABLE public.user_sessions ALTER COLUMN id ADD GENERATED BY DEFAULT AS IDENTITY (
    SEQUENCE NAME public.user_sessions_id_seq
    START WITH 1
    INCREMENT BY 1
    NO MINVALUE
    NO MAXVALUE
    CACHE 1
);


--
-- Name: users; Type: TABLE; Schema: public; Owner: crm_user
--

CREATE TABLE public.users (
    id bigint NOT NULL,
    account_non_expired boolean NOT NULL,
    account_non_locked boolean NOT NULL,
    avatar_url character varying(500),
    created_at timestamp(6) without time zone NOT NULL,
    credentials_non_expired boolean NOT NULL,
    email character varying(150) NOT NULL,
    email_verified boolean NOT NULL,
    status boolean NOT NULL,
    first_name character varying(100),
    last_login timestamp(6) without time zone,
    last_name character varying(100),
    password character varying(255) NOT NULL,
    phone_number character varying(20),
    updated_at timestamp(6) without time zone,
    username character varying(100) NOT NULL
);


ALTER TABLE public.users OWNER TO crm_user;

--
-- Name: users_id_seq; Type: SEQUENCE; Schema: public; Owner: crm_user
--

ALTER TABLE public.users ALTER COLUMN id ADD GENERATED BY DEFAULT AS IDENTITY (
    SEQUENCE NAME public.users_id_seq
    START WITH 1
    INCREMENT BY 1
    NO MINVALUE
    NO MAXVALUE
    CACHE 1
);


--
-- Name: zones; Type: TABLE; Schema: public; Owner: crm_user
--

CREATE TABLE public.zones (
    id bigint NOT NULL,
    name character varying(255) NOT NULL
);


ALTER TABLE public.zones OWNER TO crm_user;

--
-- Name: zones_id_seq; Type: SEQUENCE; Schema: public; Owner: crm_user
--

ALTER TABLE public.zones ALTER COLUMN id ADD GENERATED BY DEFAULT AS IDENTITY (
    SEQUENCE NAME public.zones_id_seq
    START WITH 1
    INCREMENT BY 1
    NO MINVALUE
    NO MAXVALUE
    CACHE 1
);


--
-- Data for Name: admin_email_verification_codes; Type: TABLE DATA; Schema: public; Owner: crm_user
--

COPY public.admin_email_verification_codes (id, code, created_at, expires_at, used, user_id) FROM stdin;
1	881818	2026-02-21 14:42:35.627027	2026-02-21 14:52:35.626794	t	8
8	408236	2026-03-04 02:12:21.994911	2026-03-04 02:22:21.994491	f	15
9	116972	2026-03-04 02:12:24.97141	2026-03-04 02:22:24.971344	f	16
10	345573	2026-03-04 02:12:27.412913	2026-03-04 02:22:27.412842	f	17
11	515194	2026-03-04 02:12:29.853524	2026-03-04 02:22:29.853452	f	18
12	969616	2026-03-04 02:12:32.5874	2026-03-04 02:22:32.587159	f	19
\.


--
-- Data for Name: afps; Type: TABLE DATA; Schema: public; Owner: crm_user
--

COPY public.afps (id, name) FROM stdin;
1	Capital
2	Cuprum
3	Habitat
4	Modelo
5	PlanVital
6	Provida
7	Uno
\.


--
-- Data for Name: banks; Type: TABLE DATA; Schema: public; Owner: crm_user
--

COPY public.banks (id, name) FROM stdin;
1	BancoEstado
2	Banco de Chile
3	Banco Santander
4	Banco BCI
5	Banco Itaú
6	Banco Scotiabank
7	Banco BICE
8	Banco Internacional
9	Banco Falabella
10	Banco Ripley
11	Banco Security
12	Banco Consorcio
13	HSBC Bank
14	Banco do Brasil
\.


--
-- Data for Name: cities; Type: TABLE DATA; Schema: public; Owner: crm_user
--

COPY public.cities (id, commune_id, name) FROM stdin;
1	1	Arica
2	5	Iquique
3	6	Alto Hospicio
4	12	Antofagasta
5	16	Calama
6	21	Copiapó
7	26	Vallenar
8	30	La Serena
9	31	Coquimbo
10	40	Ovalle
11	45	Valparaíso
12	51	Viña del Mar
13	79	Quilpué
14	82	Villa Alemana
15	67	San Antonio
16	83	Santiago
17	115	Puente Alto
18	101	Maipú
19	92	La Florida
20	96	Las Condes
21	102	Ñuñoa
22	105	Providencia
23	121	San Bernardo
24	135	Rancagua
25	158	San Fernando
26	168	Talca
27	181	Curicó
28	190	Linares
29	198	Chillán
30	219	Concepción
31	228	Talcahuano
32	238	Los Ángeles
33	226	San Pedro de la Paz
34	252	Temuco
35	263	Padre Las Casas
36	271	Villarrica
37	284	Valdivia
38	296	Puerto Montt
39	315	Osorno
40	305	Castro
41	304	Puerto Varas
42	326	Coyhaique
43	336	Punta Arenas
44	345	Puerto Natales
\.


--
-- Data for Name: communes; Type: TABLE DATA; Schema: public; Owner: crm_user
--

COPY public.communes (id, name, region_id) FROM stdin;
1	Arica	1
2	Camarones	1
3	Putre	1
4	General Lagos	1
5	Iquique	2
6	Alto Hospicio	2
7	Pozo Almonte	2
8	Camiña	2
9	Colchane	2
10	Huara	2
11	Pica	2
12	Antofagasta	3
13	Mejillones	3
14	Sierra Gorda	3
15	Taltal	3
16	Calama	3
17	Ollagüe	3
18	San Pedro de Atacama	3
19	Tocopilla	3
20	María Elena	3
21	Copiapó	4
22	Caldera	4
23	Tierra Amarilla	4
24	Chañaral	4
25	Diego de Almagro	4
26	Vallenar	4
27	Alto del Carmen	4
28	Freirina	4
29	Huasco	4
30	La Serena	5
31	Coquimbo	5
32	Andacollo	5
33	La Higuera	5
34	Paiguano	5
35	Vicuña	5
36	Illapel	5
37	Canela	5
38	Los Vilos	5
39	Salamanca	5
40	Ovalle	5
41	Combarbalá	5
42	Monte Patria	5
43	Punitaqui	5
44	Río Hurtado	5
45	Valparaíso	6
46	Casablanca	6
47	Concón	6
48	Juan Fernández	6
49	Puchuncaví	6
50	Quintero	6
51	Viña del Mar	6
52	Isla de Pascua	6
53	Los Andes	6
54	Calle Larga	6
55	Rinconada	6
56	San Esteban	6
57	La Ligua	6
58	Cabildo	6
59	Papudo	6
60	Petorca	6
61	Zapallar	6
62	Quillota	6
63	Calera	6
64	Hijuelas	6
65	La Cruz	6
66	Nogales	6
67	San Antonio	6
68	Algarrobo	6
69	Cartagena	6
70	El Quisco	6
71	El Tabo	6
72	Santo Domingo	6
73	San Felipe	6
74	Catemu	6
75	Llaillay	6
76	Panquehue	6
77	Putaendo	6
78	Santa María	6
79	Quilpué	6
80	Limache	6
81	Olmué	6
82	Villa Alemana	6
83	Santiago	7
84	Cerrillos	7
85	Cerro Navia	7
86	Conchalí	7
87	El Bosque	7
88	Estación Central	7
89	Huechuraba	7
90	Independencia	7
91	La Cisterna	7
92	La Florida	7
93	La Granja	7
94	La Pintana	7
95	La Reina	7
96	Las Condes	7
97	Lo Barnechea	7
98	Lo Espejo	7
99	Lo Prado	7
100	Macul	7
101	Maipú	7
102	Ñuñoa	7
103	Pedro Aguirre Cerda	7
104	Peñalolén	7
105	Providencia	7
106	Pudahuel	7
107	Quilicura	7
108	Quinta Normal	7
109	Recoleta	7
110	Renca	7
111	San Joaquín	7
112	San Miguel	7
113	San Ramón	7
114	Vitacura	7
115	Puente Alto	7
116	Pirque	7
117	San José de Maipo	7
118	Colina	7
119	Lampa	7
120	Tiltil	7
121	San Bernardo	7
122	Buin	7
123	Calera de Tango	7
124	Paine	7
125	Melipilla	7
126	Alhué	7
127	Curacaví	7
128	María Pinto	7
129	San Pedro	7
130	Talagante	7
131	El Monte	7
132	Isla de Maipo	7
133	Padre Hurtado	7
134	Peñaflor	7
135	Rancagua	8
136	Codegua	8
137	Coinco	8
138	Coltauco	8
139	Doñihue	8
140	Graneros	8
141	Las Cabras	8
142	Machalí	8
143	Malloa	8
144	Mostazal	8
145	Olivar	8
146	Peumo	8
147	Pichidegua	8
148	Quinta de Tilcoco	8
149	Rengo	8
150	Requínoa	8
151	San Vicente	8
152	Pichilemu	8
153	La Estrella	8
154	Litueche	8
155	Marchihue	8
156	Navidad	8
157	Paredones	8
158	San Fernando	8
159	Chépica	8
160	Chimbarongo	8
161	Lolol	8
162	Nancagua	8
163	Palmilla	8
164	Peralillo	8
165	Placilla	8
166	Pumanque	8
167	Santa Cruz	8
168	Talca	9
169	Constitución	9
170	Curepto	9
171	Empedrado	9
172	Maule	9
173	Pelarco	9
174	Pencahue	9
175	Río Claro	9
176	San Clemente	9
177	San Rafael	9
178	Cauquenes	9
179	Chanco	9
180	Pelluhue	9
181	Curicó	9
182	Hualañé	9
183	Licantén	9
184	Molina	9
185	Rauco	9
186	Romeral	9
187	Sagrada Familia	9
188	Teno	9
189	Vichuquén	9
190	Linares	9
191	Colbún	9
192	Longaví	9
193	Parral	9
194	Retiro	9
195	San Javier	9
196	Villa Alegre	9
197	Yerbas Buenas	9
198	Chillán	10
199	Bulnes	10
200	Chillán Viejo	10
201	El Carmen	10
202	Pemuco	10
203	Pinto	10
204	Quillón	10
205	San Ignacio	10
206	Yungay	10
207	Quirihue	10
208	Cobquecura	10
209	Coelemu	10
210	Ninhue	10
211	Portezuelo	10
212	Ránquil	10
213	Trehuaco	10
214	San Carlos	10
215	Coihueco	10
216	Ñiquén	10
217	San Fabián	10
218	San Nicolás	10
219	Concepción	11
220	Coronel	11
221	Chiguayante	11
222	Florida	11
223	Hualqui	11
224	Lota	11
225	Penco	11
226	San Pedro de la Paz	11
227	Santa Juana	11
228	Talcahuano	11
229	Tomé	11
230	Hualpén	11
231	Lebu	11
232	Arauco	11
233	Cañete	11
234	Contulmo	11
235	Curanilahue	11
236	Los Álamos	11
237	Tirúa	11
238	Los Ángeles	11
239	Antuco	11
240	Cabrero	11
241	Laja	11
242	Mulchén	11
243	Nacimiento	11
244	Negrete	11
245	Quilaco	11
246	Quilleco	11
247	San Rosendo	11
248	Santa Bárbara	11
249	Tucapel	11
250	Yumbel	11
251	Alto Biobío	11
252	Temuco	12
253	Carahue	12
254	Cunco	12
255	Curarrehue	12
256	Freire	12
257	Galvarino	12
258	Gorbea	12
259	Lautaro	12
260	Loncoche	12
261	Melipeuco	12
262	Nueva Imperial	12
263	Padre Las Casas	12
264	Perquenco	12
265	Pitrufquén	12
266	Pucón	12
267	Saavedra	12
268	Teodoro Schmidt	12
269	Toltén	12
270	Vilcún	12
271	Villarrica	12
272	Cholchol	12
273	Angol	12
274	Collipulli	12
275	Curacautín	12
276	Ercilla	12
277	Lonquimay	12
278	Los Sauces	12
279	Lumaco	12
280	Purén	12
281	Renaico	12
282	Traiguén	12
283	Victoria	12
284	Valdivia	13
285	Corral	13
286	Futrono	13
287	La Unión	13
288	Lago Ranco	13
289	Lanco	13
290	Los Lagos	13
291	Máfil	13
292	Mariquina	13
293	Paillaco	13
294	Panguipulli	13
295	Río Bueno	13
296	Puerto Montt	14
297	Calbuco	14
298	Cochamó	14
299	Fresia	14
300	Frutillar	14
301	Los Muermos	14
302	Llanquihue	14
303	Maullín	14
304	Puerto Varas	14
305	Castro	14
306	Ancud	14
307	Chonchi	14
308	Curaco de Vélez	14
309	Dalcahue	14
310	Puqueldón	14
311	Queilén	14
312	Quellón	14
313	Quemchi	14
314	Quinchao	14
315	Osorno	14
316	Puerto Octay	14
317	Purranque	14
318	Puyehue	14
319	Río Negro	14
320	San Juan de la Costa	14
321	San Pablo	14
322	Chaitén	14
323	Futaleufú	14
324	Hualaihué	14
325	Palena	14
326	Coyhaique	15
327	Lago Verde	15
328	Aysén	15
329	Cisnes	15
330	Guaitecas	15
331	Cochrane	15
332	O'Higgins	15
333	Tortel	15
334	Chile Chico	15
335	Río Ibáñez	15
336	Punta Arenas	16
337	Laguna Blanca	16
338	Río Verde	16
339	San Gregorio	16
340	Cabo de Hornos	16
341	Antártica	16
342	Porvenir	16
343	Primavera	16
344	Timaukel	16
345	Natales	16
346	Torres del Paine	16
\.


--
-- Data for Name: companies; Type: TABLE DATA; Schema: public; Owner: crm_user
--

COPY public.companies (id, name) FROM stdin;
1	Empresa Principal S.A.
2	Filial Norte Ltda.
3	Filial Sur Ltda.
\.


--
-- Data for Name: contract_statuses; Type: TABLE DATA; Schema: public; Owner: crm_user
--

COPY public.contract_statuses (id, name) FROM stdin;
1	Activo
2	Vencido
3	Terminado
4	Suspendido
\.


--
-- Data for Name: contract_types; Type: TABLE DATA; Schema: public; Owner: crm_user
--

COPY public.contract_types (id, name) FROM stdin;
1	Indefinido
2	Plazo fijo
3	Por obra o faena
4	A honorarios
5	Part-time
\.


--
-- Data for Name: contracts; Type: TABLE DATA; Schema: public; Owner: crm_user
--

COPY public.contracts (id, active, agreed_salary, base_salary, company_id, contract_detail, contract_number, contract_status_id, contract_type_id, created_at, employee_id, end_date, job_title_id, labor_union_id, meal_type_id, name, safety_group_id, site_id, start_date, status_id, transport_type_id, updated_at, vacation_start_date, weekly_work_hours, work_days, zone_id) FROM stdin;
1	t	1300000	1300000	1	Contrato Guillermo Diaz Indefinido	C001-Indefinido-GuillermoDiaz	1	1	2026-03-09 22:17:19.167253	1	\N	5	2	3	Contrato Guillermo Diaz	4	1	2026-04-01	3	3	2026-03-12 04:19:10.604614	\N	40	5	2
\.


--
-- Data for Name: driver_licenses; Type: TABLE DATA; Schema: public; Owner: crm_user
--

COPY public.driver_licenses (id, name) FROM stdin;
1	No posee
2	Clase A1
3	Clase A2
4	Clase A3
5	Clase B
6	Clase C
7	Clase D
8	Clase E
9	Clase F
\.


--
-- Data for Name: education_levels; Type: TABLE DATA; Schema: public; Owner: crm_user
--

COPY public.education_levels (id, name) FROM stdin;
1	Educación básica
2	Educación media
3	Técnico nivel medio
4	Técnico nivel superior
5	Universitaria
6	Postgrado
\.


--
-- Data for Name: email_verification_codes; Type: TABLE DATA; Schema: public; Owner: crm_user
--

COPY public.email_verification_codes (id, code, created_at, expires_at, used, user_id) FROM stdin;
1	463202	2026-02-21 00:30:45.154578	2026-02-21 00:40:45.15376	t	7
2	962613	2026-04-10 03:22:30.378389	2026-04-10 03:32:30.375921	t	8
3	635624	2026-04-10 03:25:17.970307	2026-04-10 03:35:17.969905	t	8
4	888601	2026-04-10 03:36:32.714609	2026-04-10 03:46:32.713548	f	8
\.


--
-- Data for Name: emergency_contact_relationships; Type: TABLE DATA; Schema: public; Owner: crm_user
--

COPY public.emergency_contact_relationships (id, name) FROM stdin;
1	Cónyuge
2	Conviviente civil
3	Padre
4	Madre
5	Hijo/a
6	Hermano/a
7	Abuelo/a
8	Tío/a
9	Primo/a
10	Amigo/a
11	Compañero/a de trabajo
12	Otro
\.


--
-- Data for Name: employee_statuses; Type: TABLE DATA; Schema: public; Owner: crm_user
--

COPY public.employee_statuses (id, name) FROM stdin;
1	Pendiente de aprobación
2	Pendiente de revisión
3	Aprobado
4	Rechazado
5	Error de sincronización
\.


--
-- Data for Name: employees; Type: TABLE DATA; Schema: public; Owner: crm_user
--

COPY public.employees (id, active, afp_id, bank_account, bank_id, birth_date, block, city_id, clothing_size, commune_id, corporate_email, created_at, department, driver_license_id, education_level_id, emergency_contact_name, emergency_contact_phone, emergency_contact_phone2, emergency_contact_relationship_id, expat_id, family_allowance_tier_id, first_name, flexline_id, gender_id, health_insurance_id, health_insurance_pesos, health_insurance_tariff_id, health_insuranceuf, identification, identification_type_id, isapre_fun, marital_status_id, maternal_last_name, nationality_id, pant_size, paternal_last_name, payment_method_id, pension_status_id, personal_email, phone, phone2, postal_code, profession_id, region_id, rehire_eligible, retirement_status_id, shoe_size, street_name, street_number, updated_at, user_id, village, status_id, has_contract) FROM stdin;
2	t	4	31321233	4	1962-06-12	\N	12	40	51	iquezada@okr.com	2026-03-03 13:13:31.878466	C	5	4	Guillermo Diaz Quezada	+56982154656	+56982154656	5	1	5	Isabel	\N	2	4	109444	2	-1	9444887-5	1	\N	2	Rivadeneira	1	42	Quezada	1	1	i.quezadarivadeneira@gmail.com	+5695966740	+5695966740	42123123	27	6	t	2	43	Camino Troncal Antiguo	02621	2026-03-03 16:44:22.733791	\N	Canal Chacao	4	\N
9	t	\N	\N	\N	\N	\N	\N	\N	\N	miguel.castillo@empresa.com	2026-03-04 02:13:07.18901	\N	\N	\N	\N	\N	\N	\N	\N	\N	Miguel	\N	\N	\N	\N	\N	\N	33333333-3	\N	\N	\N	Núñez	\N	\N	Castillo	\N	\N	\N	+56912345005	\N	\N	\N	\N	t	\N	\N	\N	\N	2026-03-14 19:11:13.958982	19	\N	3	\N
7	t	\N	\N	\N	\N	\N	\N	\N	\N	pedro.salinas@empresa.com	2026-03-04 02:13:07.175893	\N	\N	\N	\N	\N	\N	\N	\N	\N	Pedro	\N	\N	\N	\N	\N	\N	11111111-1	\N	\N	\N	Vega	\N	\N	Salinas	\N	\N	\N	+56912345003	\N	\N	\N	\N	t	\N	\N	\N	\N	2026-03-30 19:25:32.237106	17	\N	3	\N
4	t	\N	\N	\N	\N	\N	\N	\N	\N	Quezada	2026-03-04 01:59:13.056519	\N	\N	\N	\N	\N	\N	\N	\N	\N	17560164-3	\N	\N	\N	\N	\N	\N	1	\N	\N	\N	Diaz	\N	\N	Guillermo	\N	\N	\N	gdiazq@okr.com	\N	\N	\N	\N	t	\N	\N	\N	\N	2026-03-04 02:01:03.507979	\N	\N	4	\N
3	t	\N	\N	\N	\N	\N	\N	\N	\N	Rivadeneira	2026-03-04 01:59:13.013853	\N	\N	\N	\N	\N	\N	\N	\N	\N	9444887-5	\N	\N	\N	\N	\N	\N	2	\N	\N	\N	Quezada	\N	\N	Isabel	\N	\N	\N	iquezada@okr.com	\N	\N	\N	\N	t	\N	\N	\N	\N	2026-03-04 02:01:07.454672	\N	\N	4	\N
6	t	\N	\N	\N	\N	\N	\N	\N	\N	carla.fuentes@empresa.com	2026-03-04 02:13:07.168789	\N	\N	\N	\N	\N	\N	\N	\N	\N	Carla	\N	\N	\N	\N	\N	\N	98765432-1	\N	\N	\N	Díaz	\N	\N	Fuentes	\N	\N	\N	+56912345002	\N	\N	\N	\N	t	\N	\N	\N	\N	2026-03-30 19:26:40.757894	16	\N	3	\N
5	t	\N	\N	\N	\N	\N	\N	\N	\N	luis.martinez@empresa.com	2026-03-04 02:13:07.120582	\N	\N	\N	\N	\N	\N	\N	\N	\N	Luis	\N	\N	\N	\N	\N	\N	12345678-9	\N	\N	\N	Rojas	\N	\N	Martínez	\N	\N	\N	+56912345001	\N	\N	\N	\N	t	\N	\N	\N	\N	2026-03-30 21:51:05.510191	15	\N	3	\N
8	t	2	31321233	7	1995-06-21	\N	6	40	21	valentina.herrera@empresa.com	2026-03-04 02:13:07.182416	\N	5	5	Guillermo Diaz Quezada	+56982154656	+56982154656	7	1	2	Valentina	\N	2	3	100000	2	1.94	22222222-2	1	\N	2	Mora	1	40	Herrera	1	1	valentina.herrera@gmail.com	+56912345004	+56912345004	323333	27	4	t	1	40	Camino Troncal Antiguo	02621	2026-03-06 00:37:37.845275	\N	\N	4	\N
1	t	4	31321233	3	1991-02-15	\N	12	40	51	gdiazq@okr.com	2026-03-01 00:22:46.137744	\N	5	5	Isabel Quezada	+56995966740	+56995966740	4	1	2	Guillermo	\N	1	4	88999	2	1.94	17560164-3	1	\N	1	Quezada	1	42	Diaz	1	1	guillermoe.diazq@gmail.com	+56982154656	+56982154656	42123123	18	6	t	1	43	Camino Troncal Antiguo	02621	2026-04-05 22:53:45.753204	6	\N	3	t
\.


--
-- Data for Name: expats; Type: TABLE DATA; Schema: public; Owner: crm_user
--

COPY public.expats (id, name) FROM stdin;
1	No aplica
2	Expatriado
3	Inmigrante
\.


--
-- Data for Name: family_allowance_tiers; Type: TABLE DATA; Schema: public; Owner: crm_user
--

COPY public.family_allowance_tiers (id, name) FROM stdin;
1	Tramo A
2	Tramo B
3	Tramo C
4	Tramo D
5	Sin carga familiar
\.


--
-- Data for Name: file_metadata; Type: TABLE DATA; Schema: public; Owner: crm_user
--

COPY public.file_metadata (id, bucket, content_type, created_at, entity_id, entity_type, file_name, is_public, s3_key, size, uploaded_by) FROM stdin;
1	s3-cdn-crmokr	image/jpeg	2026-02-21 00:36:07.384533	7	USER_AVATAR	Cara.jpg	t	USER_AVATAR/7/695ef325-6e87-4d36-b978-d18ef6cf6440_Cara.jpg	12758	7
2	s3-cdn-crmokr	application/pdf	2026-03-09 22:17:21.624441	1	CONTRACT	2019136-andorrabybus.pdf	f	CONTRACT/1/a2fb2ba1-a3f0-4e53-bf14-5fdfadd13f6b_2019136-andorrabybus.pdf	58513	1
4	s3-cdn-crmokr	application/pdf	2026-04-05 22:52:42.529603	1	SETTLEMENT	Curriculum Guillermo Diaz.pdf	f	SETTLEMENT/1/3415a982-d12d-4bda-be6d-5bbcd78b3d2a_Curriculum Guillermo Diaz.pdf	80479	1
5	s3-cdn-crmokr	application/pdf	2026-04-06 00:30:00.344064	4	SETTLEMENT	Curriculum Guillermo Diaz.pdf	f	SETTLEMENT/4/2fad9927-179a-4f85-b4bc-26a0e95e0181_Curriculum Guillermo Diaz.pdf	80479	1
6	s3-cdn-crmokr	application/pdf	2026-04-07 23:53:49.501464	5	SETTLEMENT	Curriculum Guillermo Diaz.pdf	f	SETTLEMENT/5/038f7c51-9b79-4968-8647-33c0b74a9f62_Curriculum Guillermo Diaz.pdf	80479	1
\.


--
-- Data for Name: genders; Type: TABLE DATA; Schema: public; Owner: crm_user
--

COPY public.genders (id, name) FROM stdin;
1	Masculino
2	Femenino
3	No binario
4	Otro
5	Prefiero no decirlo
\.


--
-- Data for Name: health_insurance_tariffs; Type: TABLE DATA; Schema: public; Owner: crm_user
--

COPY public.health_insurance_tariffs (id, name) FROM stdin;
1	UF
2	Pesos
\.


--
-- Data for Name: health_insurances; Type: TABLE DATA; Schema: public; Owner: crm_user
--

COPY public.health_insurances (id, name) FROM stdin;
1	Fonasa
2	Banmédica
3	Colmena Golden Cross
4	Consalud
5	Cruz Blanca
6	Esencial
7	MasVida
8	Vida Tres
\.


--
-- Data for Name: hr_request_types; Type: TABLE DATA; Schema: public; Owner: crm_user
--

COPY public.hr_request_types (id, description, name, require_approval) FROM stdin;
1	\N	Contrato	t
2	\N	Finiquito	t
3	\N	Anexo	t
4	\N	Traspaso	t
5	\N	Permiso	f
6	\N	Trabajador	t
\.


--
-- Data for Name: hr_requests; Type: TABLE DATA; Schema: public; Owner: crm_user
--

COPY public.hr_requests (id, approval_date, approver_id, created_at, hhrr_approval_date, hhrr_approver_id, id_module, rejection_detail, request_type_id, require_approval, status_id, updated_at, action, proposed_data, contract_id, settlement_id) FROM stdin;
14	2026-03-06 02:10:19.019517	6	2026-03-06 02:09:58.799558	2026-03-06 02:10:22.914489	6	1	\N	6	t	3	2026-03-06 02:10:22.951976	UPDATE	{"id":1,"identification":"17560164-3","identificationTypeId":1,"firstName":"Guillermo","paternalLastName":"Diaz","maternalLastName":"Quezada","birthDate":"1991-02-15","genderId":1,"maritalStatusId":1,"educationLevelId":5,"driverLicenseId":5,"professionId":18,"personalEmail":"guillermoe.diazq@gmail.com","corporateEmail":"gdiazq@okr.com","phone":"+56982154656","phone2":"+56982154656","emergencyContactName":"Isabel Quezada","emergencyContactRelationshipId":4,"emergencyContactPhone":"+56995966740","emergencyContactPhone2":"+56995966740","streetName":"Camino Troncal Antiguo","streetNumber":"02621","postalCode":"42123123","department":null,"village":null,"block":null,"regionId":6,"cityId":12,"communeId":51,"expatId":1,"nationalityId":1,"familyAllowanceTierId":2,"retirementStatusId":1,"isapreFun":null,"pensionStatusId":1,"afpId":4,"healthInsuranceId":4,"healthInsuranceTariffId":2,"healthInsuranceUF":"1.94","healthInsurancePesos":"88999","paymentMethodId":1,"bankId":3,"bankAccount":"31321233","statusId":3,"clothingSize":"40","shoeSize":"43","pantSize":"42","active":true,"rehireEligible":true}	\N	\N
15	2026-03-10 01:57:23.683372	6	2026-03-09 22:17:19.226533	2026-03-10 01:57:29.487753	6	1	\N	1	t	3	2026-03-10 01:57:29.515308	CREATE	\N	1	\N
16	\N	\N	2026-03-10 22:24:36.901155	\N	\N	1	Archivo subido incorrecto	1	t	4	2026-03-10 22:25:44.847288	UPDATE	{"id":1,"employeeId":1,"name":"Contrato Guillermo Diaz","contractNumber":"C001-Indefinido-GuillermoDiaz","contractTypeId":1,"contractStatusId":null,"safetyGroupId":3,"contractDetail":"Contrato Guillermo Diaz Indefinido","baseSalary":"1300000","agreedSalary":"1300000","companyId":1,"zoneId":2,"jobTitleId":5,"siteId":1,"laborUnionId":2,"weeklyWorkHours":"40","workDays":"5","startDate":"2026-04-01","endDate":null,"mealTypeId":3,"transportTypeId":2}	1	\N
1	2026-03-02 16:44:54.843371	\N	2026-03-02 02:28:45.883202	2026-03-02 16:45:01.18514	\N	1	\N	6	t	3	2026-03-02 16:45:01.1929	\N	\N	\N	\N
17	2026-03-10 22:31:16.458481	6	2026-03-10 22:31:09.772998	2026-03-10 22:31:19.751042	6	1	\N	1	t	3	2026-03-10 22:31:19.798949	UPDATE	{"id":1,"employeeId":1,"name":"Contrato Guillermo Diaz","contractNumber":"C001-Indefinido-GuillermoDiaz","contractTypeId":1,"contractStatusId":null,"safetyGroupId":4,"contractDetail":"Contrato Guillermo Diaz Indefinido","baseSalary":"1300000","agreedSalary":"1300000","companyId":1,"zoneId":2,"jobTitleId":5,"siteId":1,"laborUnionId":2,"weeklyWorkHours":"40","workDays":"5","startDate":"2026-04-01","endDate":null,"mealTypeId":3,"transportTypeId":2}	1	\N
3	2026-03-03 15:58:17.710386	6	2026-03-03 13:13:31.919901	\N	\N	2	Nombre de trabajador no valido	6	t	4	2026-03-03 16:44:22.732522	\N	\N	\N	\N
19	\N	\N	2026-04-05 22:52:37.141913	\N	\N	1	no renuncia	2	t	4	2026-04-05 22:53:45.753091	CREATE	\N	\N	1
18	2026-03-11 03:08:20.292431	6	2026-03-11 03:08:12.222691	2026-03-11 03:08:23.02807	6	1	\N	1	t	3	2026-03-11 03:08:23.098201	UPDATE	{"id":1,"employeeId":1,"name":"Contrato Guillermo Diaz","contractNumber":"C001-Indefinido-GuillermoDiaz","contractTypeId":1,"safetyGroupId":4,"contractDetail":"Contrato Guillermo Diaz Indefinido","baseSalary":"1300000","agreedSalary":"1300000","companyId":1,"zoneId":2,"jobTitleId":5,"siteId":1,"laborUnionId":2,"weeklyWorkHours":"40","workDays":"5","startDate":"2026-04-01","endDate":null,"mealTypeId":3,"transportTypeId":3}	1	\N
10	2026-03-04 02:13:23.284391	6	2026-03-04 02:13:07.194166	2026-03-04 02:13:26.302527	6	9	\N	6	t	3	2026-03-04 02:13:26.328855	\N	\N	\N	\N
9	2026-03-04 02:13:29.072828	6	2026-03-04 02:13:07.186215	2026-03-04 02:13:31.838212	6	8	\N	6	t	3	2026-03-04 02:13:31.866483	\N	\N	\N	\N
20	\N	\N	2026-04-06 00:29:59.039577	\N	\N	1	no renuncia	2	t	4	2026-04-06 00:30:35.948637	CREATE	\N	\N	4
8	2026-03-04 02:13:34.547246	6	2026-03-04 02:13:07.17987	2026-03-04 02:13:38.082893	6	7	\N	6	t	3	2026-03-04 02:13:38.106132	\N	\N	\N	\N
21	\N	\N	2026-04-07 23:53:48.30556	\N	\N	1	\N	2	t	2	2026-04-07 23:53:48.305566	CREATE	\N	\N	5
7	2026-03-04 02:13:40.953424	6	2026-03-04 02:13:07.172877	2026-03-04 02:13:43.931696	6	6	\N	6	t	3	2026-03-04 02:13:43.956617	\N	\N	\N	\N
6	2026-03-04 02:13:46.85542	6	2026-03-04 02:13:07.163873	2026-03-04 02:13:49.7529	6	5	\N	6	t	3	2026-03-04 02:13:49.781634	\N	\N	\N	\N
11	\N	\N	2026-03-06 00:37:01.085065	\N	\N	8	Mal solicitud	6	t	4	2026-03-06 00:37:37.845156	\N	\N	\N	\N
12	\N	\N	2026-03-06 01:53:42.389662	\N	\N	1	Mal comuna	6	t	4	2026-03-06 01:54:18.30206	UPDATE	\N	\N	\N
13	\N	\N	2026-03-06 02:08:39.600778	\N	\N	1	prueba	6	t	4	2026-03-06 02:09:10.835752	UPDATE	{"id":1,"identification":"17560164-3","identificationTypeId":1,"firstName":"Guillermo","paternalLastName":"Diaz","maternalLastName":"Quezada","birthDate":"1991-02-15","genderId":1,"maritalStatusId":1,"educationLevelId":5,"driverLicenseId":5,"professionId":18,"personalEmail":"guillermoe.diazq@gmail.com","corporateEmail":"gdiazq@okr.com","phone":"+56982154656","phone2":"+56982154656","emergencyContactName":"Isabel Quezada","emergencyContactRelationshipId":4,"emergencyContactPhone":"+56995966740","emergencyContactPhone2":"+56995966740","streetName":"Camino Troncal Antiguo","streetNumber":"02621","postalCode":"42123123","department":null,"village":null,"block":null,"regionId":6,"cityId":13,"communeId":79,"expatId":1,"nationalityId":1,"familyAllowanceTierId":2,"retirementStatusId":1,"isapreFun":null,"pensionStatusId":1,"afpId":4,"healthInsuranceId":4,"healthInsuranceTariffId":2,"healthInsuranceUF":"1.94","healthInsurancePesos":"88999","paymentMethodId":1,"bankId":3,"bankAccount":"31321233","statusId":3,"clothingSize":"40","shoeSize":"43","pantSize":"42","active":true,"rehireEligible":true}	\N	\N
\.


--
-- Data for Name: identification_types; Type: TABLE DATA; Schema: public; Owner: crm_user
--

COPY public.identification_types (id, name, status) FROM stdin;
1	RUT/RUN	t
2	DNI	t
3	CPF	t
4	SSN	t
5	Passport	t
\.


--
-- Data for Name: job_titles; Type: TABLE DATA; Schema: public; Owner: crm_user
--

COPY public.job_titles (id, name) FROM stdin;
1	Gerente General
2	Gerente de RRHH
3	Jefe de Operaciones
4	Analista
5	Ingeniero
6	Técnico
7	Administrativo
8	Operario
9	Supervisor
\.


--
-- Data for Name: labor_unions; Type: TABLE DATA; Schema: public; Owner: crm_user
--

COPY public.labor_unions (id, name) FROM stdin;
1	Sin sindicato
2	Sindicato N°1
3	Sindicato N°2
4	Sindicato Interempresa
\.


--
-- Data for Name: legal_termination_causes; Type: TABLE DATA; Schema: public; Owner: crm_user
--

COPY public.legal_termination_causes (id, active, created_at, description, name, updated_at) FROM stdin;
1	t	2026-03-31 02:25:54.650609	Término del contrato por mutuo acuerdo de las partes	Artículo 159 N°1 - Mutuo acuerdo	2026-03-31 02:25:54.650629
2	t	2026-03-31 02:25:54.677729	Término por cumplimiento del plazo pactado en el contrato	Artículo 159 N°2 - Vencimiento del plazo	2026-03-31 02:25:54.677735
3	t	2026-03-31 02:25:54.680015	Término por conclusión de la obra o faena para la que fue contratado	Artículo 159 N°3 - Conclusión del trabajo	2026-03-31 02:25:54.680018
4	t	2026-03-31 02:25:54.681951	Término por caso fortuito o fuerza mayor que impide continuar el trabajo	Artículo 159 N°4 - Caso fortuito	2026-03-31 02:25:54.681954
5	t	2026-03-31 02:25:54.68373	Despido por falta de probidad o conductas indebidas graves	Artículo 160 N°1 - Falta de probidad	2026-03-31 02:25:54.683732
6	t	2026-03-31 02:25:54.686597	Despido por vías de hecho ejercidas por el trabajador	Artículo 160 N°3 - Vías de hecho	2026-03-31 02:25:54.686599
7	t	2026-03-31 02:25:54.688518	Despido por injurias proferidas por el trabajador al empleador	Artículo 160 N°4 - Injurias	2026-03-31 02:25:54.68852
8	t	2026-03-31 02:25:54.690747	Despido por conducta inmoral grave debidamente comprobada	Artículo 160 N°5 - Conducta inmoral	2026-03-31 02:25:54.69075
9	t	2026-03-31 02:25:54.692715	Despido por incumplimiento grave de las obligaciones del contrato	Artículo 160 N°7 - Incumplimiento grave	2026-03-31 02:25:54.692717
10	t	2026-03-31 02:25:54.694538	Término por necesidades de la empresa o desahucio	Artículo 161 Nº2 - Necesidades de la empresa	2026-03-31 02:56:58.482526
\.


--
-- Data for Name: marital_statuses; Type: TABLE DATA; Schema: public; Owner: crm_user
--

COPY public.marital_statuses (id, name) FROM stdin;
1	Soltero/a
2	Casado/a
3	Divorciado/a
4	Viudo/a
5	Conviviente civil
6	Separado/a
\.


--
-- Data for Name: meal_types; Type: TABLE DATA; Schema: public; Owner: crm_user
--

COPY public.meal_types (id, description, name) FROM stdin;
1	\N	Sin colación
2	\N	Desayuno
3	\N	Almuerzo
4	\N	Cena
5	\N	Colación completa
\.


--
-- Data for Name: nationalities; Type: TABLE DATA; Schema: public; Owner: crm_user
--

COPY public.nationalities (id, name) FROM stdin;
1	Chilena
2	Argentina
3	Peruana
4	Boliviana
5	Colombiana
6	Venezolana
7	Ecuatoriana
8	Brasileña
9	Uruguaya
10	Paraguaya
11	Española
12	Italiana
13	Alemana
14	Francesa
15	Estadounidense
16	Haitiana
17	Cubana
18	Mexicana
19	Dominicana
20	China
21	Otra
\.


--
-- Data for Name: no_re_hired_causes; Type: TABLE DATA; Schema: public; Owner: crm_user
--

COPY public.no_re_hired_causes (id, active, created_at, description, name, updated_at) FROM stdin;
1	t	2026-04-01 11:45:34.761801	Infracciones graves y reiteradas al reglamento interno de la empresa	Incumplimiento grave de normas	2026-04-01 11:45:34.761831
2	t	2026-04-01 11:45:34.782587	Comportamiento inadecuado hacia compañeros o superiores debidamente comprobado	Conducta inapropiada	2026-04-01 11:45:34.782592
3	t	2026-04-01 11:45:34.786458	Sustracción o uso indebido de bienes pertenecientes a la empresa o compañeros	Robo o apropiación indebida	2026-04-01 11:45:34.786463
4	t	2026-04-01 11:45:34.793335	Presentación o alteración dolosa de documentos oficiales	Falsificación de documentos	2026-04-01 11:45:34.793339
5	t	2026-04-01 11:45:34.796449	Abandono reiterado del puesto de trabajo sin justificación	Abandono de funciones	2026-04-01 11:45:34.796453
6	t	2026-04-01 11:45:34.799184	Bajo rendimiento sostenido que no alcanza los estándares mínimos del cargo	Desempeño insuficiente	2026-04-01 11:45:34.799188
7	t	2026-04-01 11:45:34.803733	Infracciones graves y reiteradas a los protocolos de seguridad	Incumplimiento de seguridad	2026-04-01 11:45:34.803739
\.


--
-- Data for Name: notifications; Type: TABLE DATA; Schema: public; Owner: crm_user
--

COPY public.notifications (id, archived, created_at, message, is_read, read_at, title, type, user_id) FROM stdin;
277	f	2026-04-10 03:22:53.760556	Tu dirección de correo ha sido verificada exitosamente. Ya puedes acceder a todas las funciones.	f	\N	Email verificado	SUCCESS	8
220	f	2026-03-31 01:01:53.744882	Bienvenido de vuelta, gdiazq. Has iniciado sesión con GitHub.	t	2026-04-09 21:53:26.175312	Inicio de sesión	INFO	6
279	f	2026-04-10 03:25:39.162256	Tu dirección de correo ha sido verificada exitosamente. Ya puedes acceder a todas las funciones.	f	\N	Email verificado	SUCCESS	8
280	f	2026-04-10 03:27:17.114897	Tu contraseña ha sido actualizada exitosamente. Si no realizaste este cambio, contacta al administrador.	f	\N	Contraseña actualizada	WARNING	8
278	f	2026-04-10 03:25:03.636292	Bienvenido de vuelta, gdiazq. Has iniciado sesión con GitHub.	t	2026-04-10 03:35:57.729436	Inicio de sesión	INFO	6
221	f	2026-03-31 01:03:40.492521	Bienvenido de vuelta, gdiazq. Has iniciado sesión con GitHub.	t	2026-04-09 21:53:26.175312	Inicio de sesión	INFO	6
164	f	2026-03-15 14:34:54.232923	Bienvenido de vuelta, gdiazq. Has iniciado sesión con GitHub.	t	2026-03-15 14:35:00.184543	Inicio de sesión	INFO	6
165	f	2026-03-15 14:35:22.361769	Tu rol "ROLE_ADMIN" ha sido actualizado por un administrador.	f	\N	Rol actualizado	INFO	1
167	f	2026-03-15 14:35:22.404422	Tu rol "ROLE_ADMIN" ha sido actualizado por un administrador.	f	\N	Rol actualizado	INFO	7
168	f	2026-03-15 14:35:22.414425	Tu rol "ROLE_ADMIN" ha sido actualizado por un administrador.	f	\N	Rol actualizado	INFO	17
169	f	2026-03-15 14:35:22.465352	Los permisos de tu rol "ROLE_ADMIN" han sido reemplazados por un administrador.	f	\N	Permisos actualizados	INFO	1
171	f	2026-03-15 14:35:22.47902	Los permisos de tu rol "ROLE_ADMIN" han sido reemplazados por un administrador.	f	\N	Permisos actualizados	INFO	7
172	f	2026-03-15 14:35:22.486327	Los permisos de tu rol "ROLE_ADMIN" han sido reemplazados por un administrador.	f	\N	Permisos actualizados	INFO	17
173	f	2026-03-15 14:35:22.519191	Los permisos del rol "ROLE_ADMIN" han sido modificados. 4 usuario(s) afectado(s).	f	\N	Permisos de rol actualizados	INFO	1
175	f	2026-03-15 14:35:22.530196	Los permisos del rol "ROLE_ADMIN" han sido modificados. 4 usuario(s) afectado(s).	f	\N	Permisos de rol actualizados	INFO	7
203	f	2026-03-30 17:26:05.37062	Los permisos del rol "Visitador" han sido modificados. 0 usuario(s) afectado(s).	f	\N	Permisos de rol actualizados	INFO	17
166	f	2026-03-15 14:35:22.395004	Tu rol "ROLE_ADMIN" ha sido actualizado por un administrador.	t	2026-03-30 19:57:26.119076	Rol actualizado	INFO	6
170	f	2026-03-15 14:35:22.471327	Los permisos de tu rol "ROLE_ADMIN" han sido reemplazados por un administrador.	t	2026-03-30 19:57:26.119076	Permisos actualizados	INFO	6
210	f	2026-03-30 20:13:51.379673	Bienvenido de vuelta, gdiazq. Has iniciado sesión con GitHub.	t	2026-03-30 21:31:45.900157	Inicio de sesión	INFO	6
211	f	2026-03-30 20:16:01.517533	Bienvenido de vuelta, gdiazq. Has iniciado sesión con GitHub.	t	2026-03-30 21:31:45.900157	Inicio de sesión	INFO	6
281	f	2026-04-10 03:35:50.43945	Bienvenido de vuelta, gdiazq. Has iniciado sesión con GitHub.	t	2026-04-10 03:35:57.729436	Inicio de sesión	INFO	6
176	f	2026-03-15 14:35:22.538225	Los permisos del rol "ROLE_ADMIN" han sido modificados. 4 usuario(s) afectado(s).	f	\N	Permisos de rol actualizados	INFO	17
205	f	2026-03-30 19:25:19.512229	La información de tu perfil ha sido actualizada exitosamente.	f	\N	Perfil actualizado	INFO	17
212	f	2026-03-30 21:03:11.172251	Bienvenido de vuelta, gdiazq. Has iniciado sesión con GitHub.	t	2026-03-30 21:31:45.900157	Inicio de sesión	INFO	6
253	f	2026-04-04 23:27:23.430525	Bienvenido de vuelta, gdiaz. Has iniciado sesión exitosamente.	f	\N	Inicio de sesión	INFO	7
222	f	2026-03-31 01:06:43.500084	Bienvenido de vuelta, gdiazq. Has iniciado sesión con GitHub.	t	2026-04-09 21:53:26.175312	Inicio de sesión	INFO	6
224	f	2026-03-31 01:12:10.798273	Bienvenido de vuelta, gdiazq. Has iniciado sesión con GitHub.	t	2026-04-09 21:53:26.175312	Inicio de sesión	INFO	6
228	f	2026-03-31 02:27:17.701408	Bienvenido de vuelta, gdiazq. Has iniciado sesión con GitHub.	t	2026-04-09 21:53:26.175312	Inicio de sesión	INFO	6
229	f	2026-03-31 02:27:43.860357	Bienvenido de vuelta, gdiazq. Has iniciado sesión con GitHub.	t	2026-04-09 21:53:26.175312	Inicio de sesión	INFO	6
239	f	2026-03-31 15:31:57.608313	Bienvenido de vuelta, gdiazq. Has iniciado sesión con GitHub.	t	2026-04-09 21:53:26.175312	Inicio de sesión	INFO	6
242	f	2026-04-02 02:27:09.278293	Bienvenido de vuelta, gdiazq. Has iniciado sesión con GitHub.	t	2026-04-09 21:53:26.175312	Inicio de sesión	INFO	6
245	f	2026-04-02 03:02:45.195632	Bienvenido de vuelta, gdiazq. Has iniciado sesión con GitHub.	t	2026-04-09 21:53:26.175312	Inicio de sesión	INFO	6
55	f	2026-03-09 20:24:54.409113	Bienvenido de vuelta, gdiazq. Has iniciado sesión con GitHub.	t	2026-03-11 17:58:23.167127	Inicio de sesión	INFO	6
56	f	2026-03-09 20:30:27.103448	Bienvenido de vuelta, gdiazq. Has iniciado sesión con GitHub.	t	2026-03-11 17:58:23.167127	Inicio de sesión	INFO	6
57	f	2026-03-09 21:06:57.390692	Bienvenido de vuelta, gdiazq. Has iniciado sesión con GitHub.	t	2026-03-11 17:58:23.167127	Inicio de sesión	INFO	6
58	f	2026-03-09 22:03:05.147347	Bienvenido de vuelta, gdiazq. Has iniciado sesión con GitHub.	t	2026-03-11 17:58:23.167127	Inicio de sesión	INFO	6
59	f	2026-03-09 22:24:31.317757	Bienvenido de vuelta, gdiazq. Has iniciado sesión con GitHub.	t	2026-03-11 17:58:23.167127	Inicio de sesión	INFO	6
60	f	2026-03-09 22:26:26.446834	Bienvenido de vuelta, gdiazq. Has iniciado sesión con GitHub.	t	2026-03-11 17:58:23.167127	Inicio de sesión	INFO	6
61	f	2026-03-09 22:27:37.016924	Bienvenido de vuelta, gdiazq. Has iniciado sesión con GitHub.	t	2026-03-11 17:58:23.167127	Inicio de sesión	INFO	6
62	f	2026-03-10 01:55:39.863202	Bienvenido de vuelta, gdiazq. Has iniciado sesión con GitHub.	t	2026-03-11 17:58:23.167127	Inicio de sesión	INFO	6
63	f	2026-03-10 01:57:08.220674	Bienvenido de vuelta, gdiazq. Has iniciado sesión con GitHub.	t	2026-03-11 17:58:23.167127	Inicio de sesión	INFO	6
64	f	2026-03-10 02:00:36.812811	Bienvenido de vuelta, gdiazq. Has iniciado sesión con GitHub.	t	2026-03-11 17:58:23.167127	Inicio de sesión	INFO	6
65	f	2026-03-10 02:02:43.791135	Bienvenido de vuelta, gdiazq. Has iniciado sesión con GitHub.	t	2026-03-11 17:58:23.167127	Inicio de sesión	INFO	6
66	f	2026-03-10 02:07:34.226408	Bienvenido de vuelta, gdiazq. Has iniciado sesión con GitHub.	t	2026-03-11 17:58:23.167127	Inicio de sesión	INFO	6
67	f	2026-03-10 02:09:44.129306	Bienvenido de vuelta, gdiazq. Has iniciado sesión con GitHub.	t	2026-03-11 17:58:23.167127	Inicio de sesión	INFO	6
68	f	2026-03-10 02:12:43.06332	Bienvenido de vuelta, gdiazq. Has iniciado sesión con GitHub.	t	2026-03-11 17:58:23.167127	Inicio de sesión	INFO	6
69	f	2026-03-10 02:16:32.992606	Bienvenido de vuelta, gdiazq. Has iniciado sesión con GitHub.	t	2026-03-11 17:58:23.167127	Inicio de sesión	INFO	6
70	f	2026-03-10 02:26:50.391475	Bienvenido de vuelta, gdiazq. Has iniciado sesión con GitHub.	t	2026-03-11 17:58:23.167127	Inicio de sesión	INFO	6
71	f	2026-03-10 02:48:21.417045	Bienvenido de vuelta, gdiazq. Has iniciado sesión con GitHub.	t	2026-03-11 17:58:23.167127	Inicio de sesión	INFO	6
72	f	2026-03-10 16:38:15.040435	Bienvenido de vuelta, gdiazq. Has iniciado sesión con GitHub.	t	2026-03-11 17:58:23.167127	Inicio de sesión	INFO	6
73	f	2026-03-10 16:58:21.925214	Bienvenido de vuelta, gdiazq. Has iniciado sesión con GitHub.	t	2026-03-11 17:58:23.167127	Inicio de sesión	INFO	6
74	f	2026-03-10 17:07:49.614973	Bienvenido de vuelta, gdiazq. Has iniciado sesión con GitHub.	t	2026-03-11 17:58:23.167127	Inicio de sesión	INFO	6
75	f	2026-03-10 21:01:22.551518	Bienvenido de vuelta, gdiazq. Has iniciado sesión con GitHub.	t	2026-03-11 17:58:23.167127	Inicio de sesión	INFO	6
76	f	2026-03-10 22:04:07.956118	Bienvenido de vuelta, gdiazq. Has iniciado sesión con GitHub.	t	2026-03-11 17:58:23.167127	Inicio de sesión	INFO	6
77	f	2026-03-10 22:30:59.398286	Bienvenido de vuelta, gdiazq. Has iniciado sesión con GitHub.	t	2026-03-11 17:58:23.167127	Inicio de sesión	INFO	6
78	f	2026-03-11 02:04:48.941354	Bienvenido de vuelta, gdiazq. Has iniciado sesión con GitHub.	t	2026-03-11 17:58:23.167127	Inicio de sesión	INFO	6
79	f	2026-03-11 02:12:26.781705	Bienvenido de vuelta, gdiazq. Has iniciado sesión con GitHub.	t	2026-03-11 17:58:23.167127	Inicio de sesión	INFO	6
80	f	2026-03-11 02:13:06.428805	Bienvenido de vuelta, gdiazq. Has iniciado sesión con GitHub.	t	2026-03-11 17:58:23.167127	Inicio de sesión	INFO	6
81	f	2026-03-11 02:35:10.159692	Bienvenido de vuelta, gdiazq. Has iniciado sesión con GitHub.	t	2026-03-11 17:58:23.167127	Inicio de sesión	INFO	6
82	f	2026-03-11 02:39:35.102685	Bienvenido de vuelta, gdiazq. Has iniciado sesión con GitHub.	t	2026-03-11 17:58:23.167127	Inicio de sesión	INFO	6
83	f	2026-03-11 02:41:39.082479	Bienvenido de vuelta, gdiazq. Has iniciado sesión con GitHub.	t	2026-03-11 17:58:23.167127	Inicio de sesión	INFO	6
84	f	2026-03-11 02:48:33.061477	Bienvenido de vuelta, gdiazq. Has iniciado sesión con GitHub.	t	2026-03-11 17:58:23.167127	Inicio de sesión	INFO	6
85	f	2026-03-11 04:17:05.661483	Bienvenido de vuelta, gdiazq. Has iniciado sesión con GitHub.	t	2026-03-11 17:58:23.167127	Inicio de sesión	INFO	6
86	f	2026-03-11 04:17:48.737911	Bienvenido de vuelta, gdiazq. Has iniciado sesión con GitHub.	t	2026-03-11 17:58:23.167127	Inicio de sesión	INFO	6
87	f	2026-03-11 04:23:16.406623	Bienvenido de vuelta, gdiazq. Has iniciado sesión con GitHub.	t	2026-03-11 17:58:23.167127	Inicio de sesión	INFO	6
88	f	2026-03-11 05:01:02.218383	Bienvenido de vuelta, gdiazq. Has iniciado sesión con GitHub.	t	2026-03-11 17:58:23.167127	Inicio de sesión	INFO	6
89	f	2026-03-11 17:57:50.085332	Bienvenido de vuelta, gdiazq. Has iniciado sesión con GitHub.	t	2026-03-11 17:58:23.167127	Inicio de sesión	INFO	6
90	f	2026-03-11 17:59:25.712942	Bienvenido de vuelta, gdiaz. Has iniciado sesión exitosamente.	f	\N	Inicio de sesión	INFO	7
182	f	2026-03-30 13:55:08.569784	Tu rol "ROLE_ADMIN" ha sido actualizado por un administrador.	f	\N	Rol actualizado	INFO	1
184	f	2026-03-30 13:55:08.587899	Tu rol "ROLE_ADMIN" ha sido actualizado por un administrador.	f	\N	Rol actualizado	INFO	7
185	f	2026-03-30 13:55:08.593758	Tu rol "ROLE_ADMIN" ha sido actualizado por un administrador.	f	\N	Rol actualizado	INFO	17
186	f	2026-03-30 13:55:08.626485	Los permisos de tu rol "ROLE_ADMIN" han sido reemplazados por un administrador.	f	\N	Permisos actualizados	INFO	1
190	f	2026-03-30 13:55:08.690049	Los permisos del rol "ROLE_ADMIN" han sido modificados. 4 usuario(s) afectado(s).	f	\N	Permisos de rol actualizados	INFO	1
206	f	2026-03-30 19:26:25.497165	La información de tu perfil ha sido actualizada exitosamente.	f	\N	Perfil actualizado	INFO	16
207	f	2026-03-30 19:27:14.808397	La información de tu perfil ha sido actualizada exitosamente.	f	\N	Perfil actualizado	INFO	16
177	f	2026-03-16 14:50:07.134792	Bienvenido de vuelta, gdiazq. Has iniciado sesión con GitHub.	t	2026-03-30 19:57:26.119076	Inicio de sesión	INFO	6
104	f	2026-03-13 16:05:10.460144	Tu rol "ROLE_ADMIN" ha sido actualizado por un administrador.	f	\N	Rol actualizado	INFO	1
106	f	2026-03-13 16:05:10.494021	Tu rol "ROLE_ADMIN" ha sido actualizado por un administrador.	f	\N	Rol actualizado	INFO	7
213	f	2026-03-30 21:18:42.893687	Bienvenido de vuelta, gdiazq. Has iniciado sesión con GitHub.	t	2026-03-30 21:31:45.900157	Inicio de sesión	INFO	6
214	f	2026-03-30 21:21:42.721162	Bienvenido de vuelta, gdiazq. Has iniciado sesión con GitHub.	t	2026-03-30 21:31:45.900157	Inicio de sesión	INFO	6
107	f	2026-03-13 16:05:10.501992	Tu rol "ROLE_ADMIN" ha sido actualizado por un administrador.	f	\N	Rol actualizado	INFO	17
114	f	2026-03-13 16:05:10.634312	Los permisos del rol "ROLE_ADMIN" han sido modificados. 4 usuario(s) afectado(s).	f	\N	Permisos de rol actualizados	INFO	7
109	f	2026-03-13 16:05:10.569378	Los permisos de tu rol "ROLE_ADMIN" han sido reemplazados por un administrador.	t	2026-03-13 19:20:35.978802	Permisos actualizados	INFO	6
188	f	2026-03-30 13:55:08.636611	Los permisos de tu rol "ROLE_ADMIN" han sido reemplazados por un administrador.	f	\N	Permisos actualizados	INFO	7
189	f	2026-03-30 13:55:08.642919	Los permisos de tu rol "ROLE_ADMIN" han sido reemplazados por un administrador.	f	\N	Permisos actualizados	INFO	17
192	f	2026-03-30 13:55:08.707949	Los permisos del rol "ROLE_ADMIN" han sido modificados. 4 usuario(s) afectado(s).	f	\N	Permisos de rol actualizados	INFO	7
193	f	2026-03-30 13:55:08.714061	Los permisos del rol "ROLE_ADMIN" han sido modificados. 4 usuario(s) afectado(s).	f	\N	Permisos de rol actualizados	INFO	17
174	f	2026-03-15 14:35:22.525306	Los permisos del rol "ROLE_ADMIN" han sido modificados. 4 usuario(s) afectado(s).	t	2026-03-30 19:57:26.119076	Permisos de rol actualizados	INFO	6
181	f	2026-03-30 13:53:49.719744	Bienvenido de vuelta, gdiazq. Has iniciado sesión con GitHub.	t	2026-03-30 19:57:26.119076	Inicio de sesión	INFO	6
183	f	2026-03-30 13:55:08.582383	Tu rol "ROLE_ADMIN" ha sido actualizado por un administrador.	t	2026-03-30 19:57:26.119076	Rol actualizado	INFO	6
187	f	2026-03-30 13:55:08.631921	Los permisos de tu rol "ROLE_ADMIN" han sido reemplazados por un administrador.	t	2026-03-30 19:57:26.119076	Permisos actualizados	INFO	6
191	f	2026-03-30 13:55:08.699278	Los permisos del rol "ROLE_ADMIN" han sido modificados. 4 usuario(s) afectado(s).	t	2026-03-30 19:57:26.119076	Permisos de rol actualizados	INFO	6
178	f	2026-03-16 14:57:05.465244	Bienvenido de vuelta, gdiazq. Has iniciado sesión con GitHub.	t	2026-03-30 19:57:26.119076	Inicio de sesión	INFO	6
215	f	2026-03-30 21:31:40.935814	Bienvenido de vuelta, gdiazq. Has iniciado sesión con GitHub.	t	2026-03-30 21:31:45.900157	Inicio de sesión	INFO	6
248	f	2026-04-04 17:55:00.17083	Bienvenido de vuelta, gdiazq. Has iniciado sesión con GitHub.	t	2026-04-09 21:53:26.175312	Inicio de sesión	INFO	6
252	f	2026-04-04 23:25:08.516625	Bienvenido de vuelta, gdiazq. Has iniciado sesión con GitHub.	t	2026-04-09 21:53:26.175312	Inicio de sesión	INFO	6
255	f	2026-04-05 22:51:41.143617	Bienvenido de vuelta, gdiazq. Has iniciado sesión con GitHub.	t	2026-04-09 21:53:26.175312	Inicio de sesión	INFO	6
257	f	2026-04-07 01:32:06.404473	Bienvenido de vuelta, gdiazq. Has iniciado sesión con GitHub.	t	2026-04-09 21:53:26.175312	Inicio de sesión	INFO	6
259	f	2026-04-07 02:03:29.030727	Bienvenido de vuelta, gdiazq. Has iniciado sesión con GitHub.	t	2026-04-09 21:53:26.175312	Inicio de sesión	INFO	6
261	f	2026-04-07 23:58:07.093161	Bienvenido de vuelta, gdiazq. Has iniciado sesión con GitHub.	t	2026-04-09 21:53:26.175312	Inicio de sesión	INFO	6
262	f	2026-04-08 00:04:32.876245	Bienvenido de vuelta, gdiazq. Has iniciado sesión con GitHub.	t	2026-04-09 21:53:26.175312	Inicio de sesión	INFO	6
263	f	2026-04-08 00:05:10.632921	Bienvenido de vuelta, gdiazq. Has iniciado sesión con GitHub.	t	2026-04-09 21:53:26.175312	Inicio de sesión	INFO	6
267	f	2026-04-09 20:57:29.604165	Bienvenido de vuelta, gdiazq. Has iniciado sesión con GitHub.	t	2026-04-09 21:53:26.175312	Inicio de sesión	INFO	6
270	f	2026-04-09 21:08:41.83388	Bienvenido de vuelta, gdiazq. Has iniciado sesión con GitHub.	t	2026-04-09 21:53:26.175312	Inicio de sesión	INFO	6
271	f	2026-04-09 21:17:27.098291	Bienvenido de vuelta, gdiazq. Has iniciado sesión con GitHub.	t	2026-04-09 21:53:26.175312	Inicio de sesión	INFO	6
272	f	2026-04-09 21:22:02.03413	Bienvenido de vuelta, gdiazq. Has iniciado sesión con GitHub.	t	2026-04-09 21:53:26.175312	Inicio de sesión	INFO	6
223	f	2026-03-31 01:09:12.047051	Bienvenido de vuelta, gdiazq. Has iniciado sesión con GitHub.	t	2026-04-09 21:53:26.175312	Inicio de sesión	INFO	6
108	f	2026-03-13 16:05:10.545327	Los permisos de tu rol "ROLE_ADMIN" han sido reemplazados por un administrador.	f	\N	Permisos actualizados	INFO	1
110	f	2026-03-13 16:05:10.575834	Los permisos de tu rol "ROLE_ADMIN" han sido reemplazados por un administrador.	f	\N	Permisos actualizados	INFO	7
111	f	2026-03-13 16:05:10.581639	Los permisos de tu rol "ROLE_ADMIN" han sido reemplazados por un administrador.	f	\N	Permisos actualizados	INFO	17
112	f	2026-03-13 16:05:10.623002	Los permisos del rol "ROLE_ADMIN" han sido modificados. 4 usuario(s) afectado(s).	f	\N	Permisos de rol actualizados	INFO	1
115	f	2026-03-13 16:05:10.63934	Los permisos del rol "ROLE_ADMIN" han sido modificados. 4 usuario(s) afectado(s).	f	\N	Permisos de rol actualizados	INFO	17
91	f	2026-03-11 21:16:09.011982	Bienvenido de vuelta, gdiazq. Has iniciado sesión con GitHub.	t	2026-03-13 19:20:35.978802	Inicio de sesión	INFO	6
92	f	2026-03-11 23:54:27.496698	Bienvenido de vuelta, gdiazq. Has iniciado sesión con GitHub.	t	2026-03-13 19:20:35.978802	Inicio de sesión	INFO	6
93	f	2026-03-12 03:14:21.676722	Bienvenido de vuelta, gdiazq. Has iniciado sesión con GitHub.	t	2026-03-13 19:20:35.978802	Inicio de sesión	INFO	6
94	f	2026-03-12 04:32:19.665922	Bienvenido de vuelta, gdiazq. Has iniciado sesión con GitHub.	t	2026-03-13 19:20:35.978802	Inicio de sesión	INFO	6
95	f	2026-03-12 16:04:53.547876	Bienvenido de vuelta, gdiazq. Has iniciado sesión con GitHub.	t	2026-03-13 19:20:35.978802	Inicio de sesión	INFO	6
96	f	2026-03-12 16:09:26.142823	Bienvenido de vuelta, gdiazq. Has iniciado sesión con GitHub.	t	2026-03-13 19:20:35.978802	Inicio de sesión	INFO	6
97	f	2026-03-12 16:45:54.882693	Bienvenido de vuelta, gdiazq. Has iniciado sesión con GitHub.	t	2026-03-13 19:20:35.978802	Inicio de sesión	INFO	6
98	f	2026-03-12 17:46:37.351002	Bienvenido de vuelta, gdiazq. Has iniciado sesión con GitHub.	t	2026-03-13 19:20:35.978802	Inicio de sesión	INFO	6
99	f	2026-03-12 17:53:00.822794	Bienvenido de vuelta, gdiazq. Has iniciado sesión con GitHub.	t	2026-03-13 19:20:35.978802	Inicio de sesión	INFO	6
100	f	2026-03-12 22:15:10.431862	Bienvenido de vuelta, gdiazq. Has iniciado sesión con GitHub.	t	2026-03-13 19:20:35.978802	Inicio de sesión	INFO	6
101	f	2026-03-13 00:22:41.562532	Bienvenido de vuelta, gdiazq. Has iniciado sesión con GitHub.	t	2026-03-13 19:20:35.978802	Inicio de sesión	INFO	6
102	f	2026-03-13 15:46:39.498966	Bienvenido de vuelta, gdiazq. Has iniciado sesión con GitHub.	t	2026-03-13 19:20:35.978802	Inicio de sesión	INFO	6
103	f	2026-03-13 16:04:28.898772	Bienvenido de vuelta, gdiazq. Has iniciado sesión con GitHub.	t	2026-03-13 19:20:35.978802	Inicio de sesión	INFO	6
105	f	2026-03-13 16:05:10.486062	Tu rol "ROLE_ADMIN" ha sido actualizado por un administrador.	t	2026-03-13 19:20:35.978802	Rol actualizado	INFO	6
113	f	2026-03-13 16:05:10.628228	Los permisos del rol "ROLE_ADMIN" han sido modificados. 4 usuario(s) afectado(s).	t	2026-03-13 19:20:35.978802	Permisos de rol actualizados	INFO	6
116	f	2026-03-13 16:10:31.921762	Bienvenido de vuelta, gdiazq. Has iniciado sesión con GitHub.	t	2026-03-13 19:20:35.978802	Inicio de sesión	INFO	6
117	f	2026-03-13 19:09:19.280259	Bienvenido de vuelta, gdiazq. Has iniciado sesión con GitHub.	t	2026-03-13 19:20:35.978802	Inicio de sesión	INFO	6
118	f	2026-03-13 19:20:31.641236	Bienvenido de vuelta, gdiazq. Has iniciado sesión con GitHub.	t	2026-03-13 19:20:35.978802	Inicio de sesión	INFO	6
121	f	2026-03-14 02:10:49.839887	Tu rol "ROLE_ADMIN" ha sido actualizado por un administrador.	f	\N	Rol actualizado	INFO	1
123	f	2026-03-14 02:10:49.881999	Tu rol "ROLE_ADMIN" ha sido actualizado por un administrador.	f	\N	Rol actualizado	INFO	7
124	f	2026-03-14 02:10:49.887894	Tu rol "ROLE_ADMIN" ha sido actualizado por un administrador.	f	\N	Rol actualizado	INFO	17
125	f	2026-03-14 02:10:49.946789	Los permisos de tu rol "ROLE_ADMIN" han sido reemplazados por un administrador.	f	\N	Permisos actualizados	INFO	1
179	f	2026-03-16 15:29:06.435209	Bienvenido de vuelta, gdiazq. Has iniciado sesión con GitHub.	t	2026-03-30 19:57:26.119076	Inicio de sesión	INFO	6
127	f	2026-03-14 02:10:49.972888	Los permisos de tu rol "ROLE_ADMIN" han sido reemplazados por un administrador.	f	\N	Permisos actualizados	INFO	7
128	f	2026-03-14 02:10:49.982161	Los permisos de tu rol "ROLE_ADMIN" han sido reemplazados por un administrador.	f	\N	Permisos actualizados	INFO	17
129	f	2026-03-14 02:10:50.073768	Los permisos del rol "ROLE_ADMIN" han sido modificados. 4 usuario(s) afectado(s).	f	\N	Permisos de rol actualizados	INFO	1
180	f	2026-03-16 15:36:23.328516	Bienvenido de vuelta, gdiazq. Has iniciado sesión con GitHub.	t	2026-03-30 19:57:26.119076	Inicio de sesión	INFO	6
131	f	2026-03-14 02:10:50.153208	Los permisos del rol "ROLE_ADMIN" han sido modificados. 4 usuario(s) afectado(s).	f	\N	Permisos de rol actualizados	INFO	7
132	f	2026-03-14 02:10:50.160354	Los permisos del rol "ROLE_ADMIN" han sido modificados. 4 usuario(s) afectado(s).	f	\N	Permisos de rol actualizados	INFO	17
194	f	2026-03-30 15:02:27.071552	Bienvenido de vuelta, gdiazq. Has iniciado sesión con GitHub.	t	2026-03-30 19:57:26.119076	Inicio de sesión	INFO	6
135	f	2026-03-14 02:52:47.438682	Tu rol "ROLE_ADMIN" ha sido actualizado por un administrador.	f	\N	Rol actualizado	INFO	1
208	f	2026-03-30 19:57:35.028889	Bienvenido de vuelta, gdiazq. Has iniciado sesión con GitHub.	t	2026-03-30 20:07:13.477459	Inicio de sesión	INFO	6
137	f	2026-03-14 02:52:47.469287	Tu rol "ROLE_ADMIN" ha sido actualizado por un administrador.	f	\N	Rol actualizado	INFO	7
138	f	2026-03-14 02:52:47.481288	Tu rol "ROLE_ADMIN" ha sido actualizado por un administrador.	f	\N	Rol actualizado	INFO	17
139	f	2026-03-14 02:52:47.543126	Los permisos de tu rol "ROLE_ADMIN" han sido reemplazados por un administrador.	f	\N	Permisos actualizados	INFO	1
216	f	2026-03-30 21:49:15.892497	La información de tu perfil ha sido actualizada exitosamente.	f	\N	Perfil actualizado	INFO	18
141	f	2026-03-14 02:52:47.572499	Los permisos de tu rol "ROLE_ADMIN" han sido reemplazados por un administrador.	f	\N	Permisos actualizados	INFO	7
142	f	2026-03-14 02:52:47.580964	Los permisos de tu rol "ROLE_ADMIN" han sido reemplazados por un administrador.	f	\N	Permisos actualizados	INFO	17
143	f	2026-03-14 02:52:47.619436	Los permisos del rol "ROLE_ADMIN" han sido modificados. 4 usuario(s) afectado(s).	f	\N	Permisos de rol actualizados	INFO	1
217	f	2026-03-30 21:49:39.666266	La información de tu perfil ha sido actualizada exitosamente.	f	\N	Perfil actualizado	INFO	15
145	f	2026-03-14 02:52:47.632928	Los permisos del rol "ROLE_ADMIN" han sido modificados. 4 usuario(s) afectado(s).	f	\N	Permisos de rol actualizados	INFO	7
146	f	2026-03-14 02:52:47.638483	Los permisos del rol "ROLE_ADMIN" han sido modificados. 4 usuario(s) afectado(s).	f	\N	Permisos de rol actualizados	INFO	17
153	f	2026-03-14 19:10:22.496063	Se ha creado el rol "Representante" en el sistema.	f	\N	Nuevo rol creado	INFO	1
155	f	2026-03-14 19:10:22.528632	Se ha creado el rol "Representante" en el sistema.	f	\N	Nuevo rol creado	INFO	7
156	f	2026-03-14 19:10:22.535301	Se ha creado el rol "Representante" en el sistema.	f	\N	Nuevo rol creado	INFO	17
157	f	2026-03-14 19:10:22.588205	Los permisos del rol "Representante" han sido modificados. 0 usuario(s) afectado(s).	f	\N	Permisos de rol actualizados	INFO	1
159	f	2026-03-14 19:10:22.600985	Los permisos del rol "Representante" han sido modificados. 0 usuario(s) afectado(s).	f	\N	Permisos de rol actualizados	INFO	7
160	f	2026-03-14 19:10:22.606603	Los permisos del rol "Representante" han sido modificados. 0 usuario(s) afectado(s).	f	\N	Permisos de rol actualizados	INFO	17
161	f	2026-03-14 19:10:40.973932	La información de tu perfil ha sido actualizada exitosamente.	f	\N	Perfil actualizado	INFO	19
119	f	2026-03-13 20:02:24.775313	Bienvenido de vuelta, gdiazq. Has iniciado sesión con GitHub.	t	2026-03-15 14:31:23.617587	Inicio de sesión	INFO	6
120	f	2026-03-14 02:10:05.86867	Bienvenido de vuelta, gdiazq. Has iniciado sesión con GitHub.	t	2026-03-15 14:31:23.617587	Inicio de sesión	INFO	6
122	f	2026-03-14 02:10:49.869731	Tu rol "ROLE_ADMIN" ha sido actualizado por un administrador.	t	2026-03-15 14:31:23.617587	Rol actualizado	INFO	6
126	f	2026-03-14 02:10:49.954845	Los permisos de tu rol "ROLE_ADMIN" han sido reemplazados por un administrador.	t	2026-03-15 14:31:23.617587	Permisos actualizados	INFO	6
130	f	2026-03-14 02:10:50.080588	Los permisos del rol "ROLE_ADMIN" han sido modificados. 4 usuario(s) afectado(s).	t	2026-03-15 14:31:23.617587	Permisos de rol actualizados	INFO	6
133	f	2026-03-14 02:21:43.466964	Bienvenido de vuelta, gdiazq. Has iniciado sesión con GitHub.	t	2026-03-15 14:31:23.617587	Inicio de sesión	INFO	6
134	f	2026-03-14 02:52:14.237999	Bienvenido de vuelta, gdiazq. Has iniciado sesión con GitHub.	t	2026-03-15 14:31:23.617587	Inicio de sesión	INFO	6
136	f	2026-03-14 02:52:47.453899	Tu rol "ROLE_ADMIN" ha sido actualizado por un administrador.	t	2026-03-15 14:31:23.617587	Rol actualizado	INFO	6
140	f	2026-03-14 02:52:47.552306	Los permisos de tu rol "ROLE_ADMIN" han sido reemplazados por un administrador.	t	2026-03-15 14:31:23.617587	Permisos actualizados	INFO	6
144	f	2026-03-14 02:52:47.625058	Los permisos del rol "ROLE_ADMIN" han sido modificados. 4 usuario(s) afectado(s).	t	2026-03-15 14:31:23.617587	Permisos de rol actualizados	INFO	6
147	f	2026-03-14 13:56:18.185656	Bienvenido de vuelta, gdiazq. Has iniciado sesión con GitHub.	t	2026-03-15 14:31:23.617587	Inicio de sesión	INFO	6
148	f	2026-03-14 14:32:18.967842	Bienvenido de vuelta, gdiazq. Has iniciado sesión con GitHub.	t	2026-03-15 14:31:23.617587	Inicio de sesión	INFO	6
149	f	2026-03-14 14:50:17.63321	Bienvenido de vuelta, gdiazq. Has iniciado sesión con GitHub.	t	2026-03-15 14:31:23.617587	Inicio de sesión	INFO	6
150	f	2026-03-14 15:12:21.026321	Bienvenido de vuelta, gdiazq. Has iniciado sesión con GitHub.	t	2026-03-15 14:31:23.617587	Inicio de sesión	INFO	6
151	f	2026-03-14 16:36:54.977369	Bienvenido de vuelta, gdiazq. Has iniciado sesión con GitHub.	t	2026-03-15 14:31:23.617587	Inicio de sesión	INFO	6
152	f	2026-03-14 19:04:35.56886	Bienvenido de vuelta, gdiazq. Has iniciado sesión con GitHub.	t	2026-03-15 14:31:23.617587	Inicio de sesión	INFO	6
154	f	2026-03-14 19:10:22.520947	Se ha creado el rol "Representante" en el sistema.	t	2026-03-15 14:31:23.617587	Nuevo rol creado	INFO	6
158	f	2026-03-14 19:10:22.595197	Los permisos del rol "Representante" han sido modificados. 0 usuario(s) afectado(s).	t	2026-03-15 14:31:23.617587	Permisos de rol actualizados	INFO	6
162	f	2026-03-15 14:26:34.864919	Bienvenido de vuelta, gdiazq. Has iniciado sesión con GitHub.	t	2026-03-15 14:31:23.617587	Inicio de sesión	INFO	6
163	f	2026-03-15 14:31:19.30911	Bienvenido de vuelta, gdiazq. Has iniciado sesión con GitHub.	t	2026-03-15 14:31:23.617587	Inicio de sesión	INFO	6
195	f	2026-03-30 17:24:54.906641	La información de tu perfil ha sido actualizada exitosamente.	f	\N	Perfil actualizado	INFO	5
196	f	2026-03-30 17:26:05.287983	Se ha creado el rol "Visitador" en el sistema.	f	\N	Nuevo rol creado	INFO	1
198	f	2026-03-30 17:26:05.306498	Se ha creado el rol "Visitador" en el sistema.	f	\N	Nuevo rol creado	INFO	7
199	f	2026-03-30 17:26:05.31557	Se ha creado el rol "Visitador" en el sistema.	f	\N	Nuevo rol creado	INFO	17
200	f	2026-03-30 17:26:05.352219	Los permisos del rol "Visitador" han sido modificados. 0 usuario(s) afectado(s).	f	\N	Permisos de rol actualizados	INFO	1
202	f	2026-03-30 17:26:05.365203	Los permisos del rol "Visitador" han sido modificados. 0 usuario(s) afectado(s).	f	\N	Permisos de rol actualizados	INFO	7
204	f	2026-03-30 17:26:20.378956	La información de tu perfil ha sido actualizada exitosamente.	f	\N	Perfil actualizado	INFO	4
197	f	2026-03-30 17:26:05.297214	Se ha creado el rol "Visitador" en el sistema.	t	2026-03-30 19:57:26.119076	Nuevo rol creado	INFO	6
201	f	2026-03-30 17:26:05.359707	Los permisos del rol "Visitador" han sido modificados. 0 usuario(s) afectado(s).	t	2026-03-30 19:57:26.119076	Permisos de rol actualizados	INFO	6
209	f	2026-03-30 20:07:08.845825	Bienvenido de vuelta, gdiazq. Has iniciado sesión con GitHub.	t	2026-03-30 20:07:13.477459	Inicio de sesión	INFO	6
230	f	2026-03-31 02:33:06.63011	Bienvenido de vuelta, gdiazq. Has iniciado sesión con GitHub.	t	2026-04-09 21:53:26.175312	Inicio de sesión	INFO	6
231	f	2026-03-31 02:34:05.733276	Bienvenido de vuelta, gdiazq. Has iniciado sesión con GitHub.	t	2026-04-09 21:53:26.175312	Inicio de sesión	INFO	6
232	f	2026-03-31 02:35:50.348914	Bienvenido de vuelta, gdiazq. Has iniciado sesión con GitHub.	t	2026-04-09 21:53:26.175312	Inicio de sesión	INFO	6
235	f	2026-03-31 02:54:03.04951	Bienvenido de vuelta, gdiazq. Has iniciado sesión con GitHub.	t	2026-04-09 21:53:26.175312	Inicio de sesión	INFO	6
236	f	2026-03-31 02:54:03.655273	Bienvenido de vuelta, gdiazq. Has iniciado sesión con GitHub.	t	2026-04-09 21:53:26.175312	Inicio de sesión	INFO	6
240	f	2026-03-31 18:51:55.926035	Bienvenido de vuelta, gdiazq. Has iniciado sesión con GitHub.	t	2026-04-09 21:53:26.175312	Inicio de sesión	INFO	6
243	f	2026-04-02 02:32:14.968125	Bienvenido de vuelta, gdiazq. Has iniciado sesión con GitHub.	t	2026-04-09 21:53:26.175312	Inicio de sesión	INFO	6
246	f	2026-04-02 13:14:38.347141	Bienvenido de vuelta, gdiazq. Has iniciado sesión con GitHub.	t	2026-04-09 21:53:26.175312	Inicio de sesión	INFO	6
249	f	2026-04-04 18:50:13.148724	Bienvenido de vuelta, gdiazq. Has iniciado sesión con GitHub.	t	2026-04-09 21:53:26.175312	Inicio de sesión	INFO	6
254	f	2026-04-04 23:40:48.190701	Bienvenido de vuelta, gdiazq. Has iniciado sesión con GitHub.	t	2026-04-09 21:53:26.175312	Inicio de sesión	INFO	6
256	f	2026-04-06 00:26:30.380023	Bienvenido de vuelta, gdiazq. Has iniciado sesión con GitHub.	t	2026-04-09 21:53:26.175312	Inicio de sesión	INFO	6
258	f	2026-04-07 01:34:19.905037	Bienvenido de vuelta, gdiazq. Has iniciado sesión con GitHub.	t	2026-04-09 21:53:26.175312	Inicio de sesión	INFO	6
260	f	2026-04-07 02:50:24.672185	Bienvenido de vuelta, gdiazq. Has iniciado sesión con GitHub.	t	2026-04-09 21:53:26.175312	Inicio de sesión	INFO	6
264	f	2026-04-08 01:05:10.339953	Bienvenido de vuelta, gdiazq. Has iniciado sesión con GitHub.	t	2026-04-09 21:53:26.175312	Inicio de sesión	INFO	6
265	f	2026-04-08 01:07:05.14167	Bienvenido de vuelta, gdiazq. Has iniciado sesión con GitHub.	t	2026-04-09 21:53:26.175312	Inicio de sesión	INFO	6
266	f	2026-04-08 01:07:57.349312	Bienvenido de vuelta, gdiazq. Has iniciado sesión con GitHub.	t	2026-04-09 21:53:26.175312	Inicio de sesión	INFO	6
268	f	2026-04-09 21:02:18.449515	Bienvenido de vuelta, gdiazq. Has iniciado sesión con GitHub.	t	2026-04-09 21:53:26.175312	Inicio de sesión	INFO	6
269	f	2026-04-09 21:03:03.652166	Bienvenido de vuelta, gdiazq. Has iniciado sesión con GitHub.	t	2026-04-09 21:53:26.175312	Inicio de sesión	INFO	6
273	f	2026-04-09 21:48:01.65179	Bienvenido de vuelta, gdiazq. Has iniciado sesión con GitHub.	t	2026-04-09 21:53:26.175312	Inicio de sesión	INFO	6
274	f	2026-04-09 21:48:26.566442	Bienvenido de vuelta, gdiazq. Has iniciado sesión con GitHub.	t	2026-04-09 21:53:26.175312	Inicio de sesión	INFO	6
275	f	2026-04-09 21:51:09.145311	Bienvenido de vuelta, gdiazq. Has iniciado sesión con GitHub.	t	2026-04-09 21:53:26.175312	Inicio de sesión	INFO	6
276	f	2026-04-09 21:53:02.942117	Bienvenido de vuelta, gdiazq. Has iniciado sesión con GitHub.	t	2026-04-09 21:53:26.175312	Inicio de sesión	INFO	6
225	f	2026-03-31 02:13:06.043426	Bienvenido de vuelta, gdiazq. Has iniciado sesión con GitHub.	t	2026-04-09 21:53:26.175312	Inicio de sesión	INFO	6
233	f	2026-03-31 02:37:48.425048	Bienvenido de vuelta, gdiazq. Has iniciado sesión con GitHub.	t	2026-04-09 21:53:26.175312	Inicio de sesión	INFO	6
234	f	2026-03-31 02:52:41.191093	Bienvenido de vuelta, gdiazq. Has iniciado sesión con GitHub.	t	2026-04-09 21:53:26.175312	Inicio de sesión	INFO	6
237	f	2026-03-31 02:55:57.894883	Bienvenido de vuelta, gdiazq. Has iniciado sesión con GitHub.	t	2026-04-09 21:53:26.175312	Inicio de sesión	INFO	6
218	f	2026-03-30 22:21:11.903758	Bienvenido de vuelta, gdiazq. Has iniciado sesión con GitHub.	t	2026-04-09 21:53:26.175312	Inicio de sesión	INFO	6
219	f	2026-03-30 22:27:05.907746	Bienvenido de vuelta, gdiazq. Has iniciado sesión con GitHub.	t	2026-04-09 21:53:26.175312	Inicio de sesión	INFO	6
226	f	2026-03-31 02:17:45.379696	Bienvenido de vuelta, gdiazq. Has iniciado sesión con GitHub.	t	2026-04-09 21:53:26.175312	Inicio de sesión	INFO	6
227	f	2026-03-31 02:17:46.01105	Bienvenido de vuelta, gdiazq. Has iniciado sesión con GitHub.	t	2026-04-09 21:53:26.175312	Inicio de sesión	INFO	6
238	f	2026-03-31 03:10:51.564274	Bienvenido de vuelta, gdiazq. Has iniciado sesión con GitHub.	t	2026-04-09 21:53:26.175312	Inicio de sesión	INFO	6
241	f	2026-04-01 11:45:19.072095	Bienvenido de vuelta, gdiazq. Has iniciado sesión con GitHub.	t	2026-04-09 21:53:26.175312	Inicio de sesión	INFO	6
244	f	2026-04-02 03:01:56.451113	Bienvenido de vuelta, gdiazq. Has iniciado sesión con GitHub.	t	2026-04-09 21:53:26.175312	Inicio de sesión	INFO	6
247	f	2026-04-02 13:25:38.340091	Bienvenido de vuelta, gdiazq. Has iniciado sesión con GitHub.	t	2026-04-09 21:53:26.175312	Inicio de sesión	INFO	6
250	f	2026-04-04 23:16:49.444977	Bienvenido de vuelta, gdiazq. Has iniciado sesión con GitHub.	t	2026-04-09 21:53:26.175312	Inicio de sesión	INFO	6
251	f	2026-04-04 23:16:50.157033	Bienvenido de vuelta, gdiazq. Has iniciado sesión con GitHub.	t	2026-04-09 21:53:26.175312	Inicio de sesión	INFO	6
\.


--
-- Data for Name: password_reset_tokens; Type: TABLE DATA; Schema: public; Owner: crm_user
--

COPY public.password_reset_tokens (id, created_at, expires_at, token, used, used_at, user_id) FROM stdin;
1	2026-02-21 00:31:21.568824	2026-02-22 00:31:21.566735	f01f0051-bd5d-4262-8998-5ca263ef13ee	t	2026-02-21 00:31:37.900412	7
2	2026-02-21 14:44:20.070639	2026-02-22 14:44:20.069992	c12ec957-4e58-401d-afad-55caf10c0f11	t	2026-02-21 14:44:44.786606	8
3	2026-04-10 03:22:53.674153	2026-04-11 03:22:53.673823	6d782d28-2730-487f-b2fd-1e214dd67352	f	\N	8
4	2026-04-10 03:25:39.145418	2026-04-11 03:25:39.14517	ba272096-124c-407f-8bba-dc9cf38ee24f	t	2026-04-10 03:27:17.101171	8
\.


--
-- Data for Name: payment_methods; Type: TABLE DATA; Schema: public; Owner: crm_user
--

COPY public.payment_methods (id, name) FROM stdin;
1	Transferencia bancaria
2	Cheque
3	Efectivo
4	Vale vista
\.


--
-- Data for Name: pension_statuses; Type: TABLE DATA; Schema: public; Owner: crm_user
--

COPY public.pension_statuses (id, name) FROM stdin;
1	AFP
2	IPS (ex INP)
3	Imponente voluntario
4	Pensionado
5	No cotizante
\.


--
-- Data for Name: permissions; Type: TABLE DATA; Schema: public; Owner: crm_user
--

COPY public.permissions (id, created_at, description, name) FROM stdin;
8	2026-02-24 03:49:06.428266	Eliminar roles del sistema	ROLE:DELETE
7	2026-02-24 03:49:06.424864	Modificar roles existentes	ROLE:UPDATE
6	2026-02-24 03:49:06.423024	Ver y consultar información de roles	ROLE:READ
5	2026-02-24 03:49:06.421094	Crear nuevos roles en el sistema	ROLE:CREATE
4	2026-02-24 03:49:06.419046	Eliminar usuarios del sistema	USER:DELETE
3	2026-02-24 03:49:06.416327	Modificar información de usuarios existentes	USER:UPDATE
2	2026-02-24 03:49:06.412854	Ver y consultar información de usuarios	USER:READ
1	2026-02-24 03:49:06.399071	Crear nuevos usuarios en el sistema	USER:CREATE
9	2026-02-27 21:55:19.033664	Crear nuevos empleados en el sistema	EMPLOYEE:CREATE
10	2026-02-27 21:55:19.046485	Ver y consultar información de empleados	EMPLOYEE:READ
11	2026-02-27 21:55:19.049654	Modificar información de empleados existentes	EMPLOYEE:UPDATE
12	2026-02-27 21:55:19.052405	Deshabilitar empleados del sistema	EMPLOYEE:DELETE
13	2026-03-02 14:51:07.348315	Ver y consultar solicitudes RRHH	HR_REQUEST:READ
14	2026-03-02 14:51:07.348315	Aprobar solicitudes RRHH	HR_REQUEST:APPROVE
15	2026-03-02 14:51:07.348315	Rechazar solicitudes RRHH	HR_REQUEST:REJECT
16	2026-03-08 02:00:13.809429	Crear contratos laborales	CONTRACT:CREATE
17	2026-03-08 02:00:13.825919	Ver y consultar contratos laborales	CONTRACT:READ
18	2026-03-08 02:00:13.828184	Modificar contratos laborales	CONTRACT:UPDATE
19	2026-03-13 01:03:18.331275	Crear tipos de proyecto	PROJECT_TYPE:CREATE
20	2026-03-13 01:03:18.350903	Ver y consultar tipos de proyecto	PROJECT_TYPE:READ
21	2026-03-13 01:03:18.35397	Modificar tipos de proyecto	PROJECT_TYPE:UPDATE
22	2026-03-13 01:03:18.356364	Eliminar tipos de proyecto	PROJECT_TYPE:DELETE
23	2026-03-13 01:03:18.358659	Crear estados de proyecto	PROJECT_STATUS:CREATE
24	2026-03-13 01:03:18.361957	Ver y consultar estados de proyecto	PROJECT_STATUS:READ
25	2026-03-13 01:03:18.364926	Modificar estados de proyecto	PROJECT_STATUS:UPDATE
26	2026-03-13 01:03:18.368093	Eliminar estados de proyecto	PROJECT_STATUS:DELETE
27	2026-03-13 01:03:18.370435	Crear especialidades de proyecto	PROJECT_SPECIALTY:CREATE
28	2026-03-13 01:03:18.372473	Ver y consultar especialidades de proyecto	PROJECT_SPECIALTY:READ
29	2026-03-13 01:03:18.374833	Modificar especialidades de proyecto	PROJECT_SPECIALTY:UPDATE
30	2026-03-13 01:03:18.377002	Eliminar especialidades de proyecto	PROJECT_SPECIALTY:DELETE
31	2026-03-15 14:33:07.481961	Crear proyectos	PROJECT:CREATE
32	2026-03-15 14:33:07.502582	Ver y consultar proyectos	PROJECT:READ
33	2026-03-15 14:33:07.507331	Modificar proyectos	PROJECT:UPDATE
34	2026-03-15 14:33:07.510948	Eliminar proyectos	PROJECT:DELETE
35	2026-03-17 16:32:52.897024	Crear causas legales de terminación	LEGAL_TERMINATION_CAUSE:CREATE
36	2026-03-17 16:32:52.915692	Ver y consultar causas legales de terminación	LEGAL_TERMINATION_CAUSE:READ
37	2026-03-17 16:32:52.91823	Modificar causas legales de terminación	LEGAL_TERMINATION_CAUSE:UPDATE
38	2026-03-17 16:32:52.920368	Eliminar causas legales de terminación	LEGAL_TERMINATION_CAUSE:DELETE
39	2026-03-17 16:32:52.922208	Crear categorías de calidad de trabajo	QUALITY_OF_WORK:CREATE
40	2026-03-17 16:32:52.926023	Ver y consultar categorías de calidad de trabajo	QUALITY_OF_WORK:READ
41	2026-03-17 16:32:52.92932	Modificar categorías de calidad de trabajo	QUALITY_OF_WORK:UPDATE
42	2026-03-17 16:32:52.932247	Eliminar categorías de calidad de trabajo	QUALITY_OF_WORK:DELETE
43	2026-03-17 16:32:52.934636	Crear categorías de cumplimiento de seguridad	SAFETY_COMPLIANCE:CREATE
44	2026-03-17 16:32:52.936866	Ver y consultar categorías de cumplimiento de seguridad	SAFETY_COMPLIANCE:READ
45	2026-03-17 16:32:52.943772	Modificar categorías de cumplimiento de seguridad	SAFETY_COMPLIANCE:UPDATE
46	2026-03-17 16:32:52.946357	Eliminar categorías de cumplimiento de seguridad	SAFETY_COMPLIANCE:DELETE
47	2026-03-17 16:32:52.949002	Crear causas de no recontratación	NO_RE_HIRED_CAUSE:CREATE
48	2026-03-17 16:32:52.9513	Ver y consultar causas de no recontratación	NO_RE_HIRED_CAUSE:READ
49	2026-03-17 16:32:52.953461	Modificar causas de no recontratación	NO_RE_HIRED_CAUSE:UPDATE
50	2026-03-17 16:32:52.956163	Eliminar causas de no recontratación	NO_RE_HIRED_CAUSE:DELETE
51	2026-03-17 16:32:52.958219	Crear finiquitos	TERMINATION:CREATE
52	2026-03-17 16:32:52.960544	Ver y consultar finiquitos	TERMINATION:READ
53	2026-03-17 16:32:52.962642	Modificar finiquitos	TERMINATION:UPDATE
54	2026-03-17 16:32:52.964922	Eliminar finiquitos	TERMINATION:DELETE
\.


--
-- Data for Name: professions; Type: TABLE DATA; Schema: public; Owner: crm_user
--

COPY public.professions (id, name) FROM stdin;
1	Gerente General
2	Gerente de Área
3	Director/a de Empresa
4	Jefe/a de Proyecto
5	Médico/a
6	Enfermero/a
7	Kinesiólogo/a
8	Nutricionista
9	Odontólogo/a
10	Psicólogo/a
11	Químico/a Farmacéutico/a
12	Médico/a Veterinario/a
13	Abogado/a
14	Contador/a Auditor/a
15	Economista
16	Ingeniero/a Civil
17	Ingeniero/a Comercial
18	Ingeniero/a en Informática
19	Ingeniero/a en Construcción
20	Arquitecto/a
21	Profesor/a de Educación Básica
22	Profesor/a de Educación Media
23	Periodista
24	Sociólogo/a
25	Asistente Social
26	Diseñador/a Gráfico/a
27	Diseñador/a Industrial
28	Técnico/a en Enfermería
29	Técnico/a en Informática
30	Técnico/a en Administración
31	Técnico/a en Contabilidad
32	Técnico/a en Electricidad
33	Técnico/a en Construcción
34	Técnico/a en Mecánica
35	Técnico/a en Telecomunicaciones
36	Técnico/a en Refrigeración
37	Técnico/a en Minería
38	Técnico/a en Acuicultura
39	Técnico/a en Laboratorio
40	Técnico/a en Radiología
41	Paramédico/a
42	Topógrafo/a
43	Secretario/a
44	Asistente Administrativo/a
45	Recepcionista
46	Digitador/a
47	Asistente de Recursos Humanos
48	Operador/a de Call Center
49	Ejecutivo/a de Ventas
50	Vendedor/a
51	Cajero/a
52	Cocinero/a
53	Garzón/Garzona
54	Barista
55	Guardia de Seguridad
56	Auxiliar de Enfermería
57	Peluquero/a
58	Estilista
59	Agricultor/a
60	Técnico/a Agrícola
61	Trabajador/a Agrícola
62	Electricista
63	Gasfíter
64	Carpintero/a
65	Soldador/a
66	Pintor/a
67	Mecánico/a Automotriz
68	Mecánico/a Industrial
69	Técnico/a en Refrigeración y Climatización
70	Maestro/a de Obra
71	Albañil
72	Operador/a de Maquinaria Pesada
73	Operario/a de Producción
74	Operador/a de Montacargas
75	Conductor/a de Bus
76	Chofer
77	Auxiliar de Aseo
78	Bodeguero/a
79	Reponedor/a
80	Mensajero/a
81	Cargador/a
82	Otro
\.


--
-- Data for Name: project_company_representatives; Type: TABLE DATA; Schema: public; Owner: crm_user
--

COPY public.project_company_representatives (project_id, employee_id) FROM stdin;
1	9
\.


--
-- Data for Name: project_specialties; Type: TABLE DATA; Schema: public; Owner: crm_user
--

COPY public.project_specialties (id, active, created_at, description, name, updated_at) FROM stdin;
1	t	2026-03-14 02:22:18.83906	Cableado	Cableado	2026-03-14 16:37:19.20154
2	t	2026-03-30 21:36:42.237658	Especialidad en obras de construcción y edificación	Construcción	2026-03-30 21:36:42.237672
3	t	2026-03-30 21:36:42.246444	Especialidad en sistemas eléctricos industriales	Electricidad Industrial	2026-03-30 21:36:42.246457
4	t	2026-03-30 21:36:42.250986	Especialidad en equipos y sistemas mecánicos	Mecánica Industrial	2026-03-30 21:36:42.25101
5	t	2026-03-30 21:36:42.255536	Especialidad en sensores	Instrumentación y Control	2026-03-30 21:36:42.255549
6	t	2026-03-30 21:36:42.259329	Especialidad en uniones soldadas estructurales y de proceso	Soldadura	2026-03-30 21:36:42.259341
7	t	2026-03-30 21:36:42.263261	Especialidad en instalación y montaje de tuberías industriales	Tuberías	2026-03-30 21:36:42.263274
8	t	2026-03-30 21:36:42.270015	Especialidad en fabricación y montaje de estructuras metálicas	Estructura Metálica	2026-03-30 21:36:42.270041
\.


--
-- Data for Name: project_statuses; Type: TABLE DATA; Schema: public; Owner: crm_user
--

COPY public.project_statuses (id, active, created_at, description, name, updated_at) FROM stdin;
1	t	2026-03-14 02:53:46.422081	Por iniciar	Por iniciar	2026-03-14 16:37:26.136487
2	t	2026-03-30 21:36:56.214612	Proyecto aprobado y en fase de planificación previa al inicio	Planificado	2026-03-30 21:36:56.214658
3	t	2026-03-30 21:36:56.231463	Proyecto actualmente en curso con trabajos en terreno	En Ejecución	2026-03-30 21:36:56.231478
4	t	2026-03-30 21:36:56.238991	Proyecto detenido temporalmente por causas operativas o contractuales	En Pausa	2026-03-30 21:36:56.239022
5	t	2026-03-30 21:36:56.245424	Proyecto completado con cierre formal aprobado	Finalizado	2026-03-30 21:36:56.245451
6	t	2026-03-30 21:36:56.253339	Proyecto cancelado antes de su finalización	Cancelado	2026-03-30 21:36:56.253371
7	t	2026-03-30 21:36:56.259756	Proyecto en proceso de adjudicación o cotización	En Licitación	2026-03-30 21:36:56.259782
\.


--
-- Data for Name: project_types; Type: TABLE DATA; Schema: public; Owner: crm_user
--

COPY public.project_types (id, active, created_at, description, name, updated_at) FROM stdin;
2	t	2026-03-30 21:36:23.088762	Proyectos de construcción e infraestructura civil	Obra Civil	2026-03-30 21:36:23.088878
3	t	2026-03-30 21:36:23.118491	Proyectos de instalaciones eléctricas de media y alta tensión	Obra Eléctrica	2026-03-30 21:36:23.118503
4	t	2026-03-30 21:36:23.123701	Proyectos de montaje y mantenimiento mecánico industrial	Obra Mecánica	2026-03-30 21:36:23.123705
5	t	2026-03-30 21:36:23.128166	Proyectos de instrumentación y control de procesos	Obra de Instrumentación	2026-03-30 21:36:23.128169
6	t	2026-03-30 21:36:23.131085	Contratos de mantenimiento preventivo y correctivo	Servicios de Mantenimiento	2026-03-30 21:36:23.131089
7	t	2026-03-30 21:36:23.137745	Proyectos de diseño	Ingeniería y Consultoría	2026-03-30 21:36:23.13775
1	t	2026-03-13 19:20:59.850495	Electrico	Electrico	2026-03-30 21:39:08.952931
\.


--
-- Data for Name: projects; Type: TABLE DATA; Schema: public; Owner: crm_user
--

COPY public.projects (id, active, address, cost_center, created_at, description, end_date, name, real_end_date, real_start_date, start_date, supervisor_id, updated_at, visitor_id, specialty_id, status_id, type_id) FROM stdin;
1	t	Calle de Santiago	1	2026-03-30 19:28:27.643397	Proyecto 001	2026-04-30	Proyecto 001	2026-04-30	2026-04-01	2026-04-01	6	2026-03-30 20:07:30.510375	7	1	1	1
\.


--
-- Data for Name: quality_of_work; Type: TABLE DATA; Schema: public; Owner: crm_user
--

COPY public.quality_of_work (id, active, created_at, description, name, updated_at) FROM stdin;
1	t	2026-03-31 15:32:59.002191	Desempeño sobresaliente en todas las tareas asignadas superando las expectativas	Excelente	2026-03-31 15:32:59.002235
2	t	2026-03-31 15:32:59.023607	Desempeño por sobre el estándar con cumplimiento consistente de objetivos	Muy Bueno	2026-03-31 15:32:59.023614
3	t	2026-03-31 15:32:59.026399	Desempeño adecuado que cumple con los estándares requeridos del cargo	Bueno	2026-03-31 15:32:59.026408
4	t	2026-03-31 15:32:59.030657	Desempeño bajo el estándar con áreas de mejora identificadas	Regular	2026-03-31 15:32:59.030683
5	t	2026-03-31 15:32:59.033806	Desempeño que no cumple con los requisitos mínimos del cargo	Deficiente	2026-03-31 15:33:11.669904
\.


--
-- Data for Name: refresh_tokens; Type: TABLE DATA; Schema: public; Owner: crm_user
--

COPY public.refresh_tokens (id, created_at, expires_at, revoked, revoked_at, token, user_id) FROM stdin;
1	2026-02-20 23:48:53.933845	2026-02-27 23:48:53.921285	t	2026-02-20 23:55:33.662882	HejoaTQS92x_TYDKtJ94syf26D3brO9PvEK2rhG0lUA	6
2	2026-02-20 23:57:11.49413	2026-02-27 23:57:11.490866	f	\N	B8jhYdJBqm8FmqOCMOXwpMhFALTdyVFbB0E_LpRJI_E	6
3	2026-02-21 00:21:51.094994	2026-02-28 00:21:51.091913	t	2026-02-21 00:22:24.633119	7UXAuiJY96PlHR-cdDuyZBVPw8rd1Mm1EvLHU1E3PVE	6
4	2026-02-21 00:22:30.539949	2026-02-28 00:22:30.539292	t	2026-02-21 00:22:57.935895	sXxIgQ9S7EsjDhVzqJxAc2W25HW2_c6yIM2S_LTsRxE	6
5	2026-02-21 00:29:53.560834	2026-02-28 00:29:53.559279	t	2026-02-21 00:29:53.612055	lDeSpmVpozRhYmrFJC-1_aELrPkIHTAnWdBxX5gmVto	6
6	2026-02-21 00:29:53.612393	2026-02-28 00:29:53.612327	t	2026-02-21 00:30:06.860485	8Q5xsY8yocskg7uiGxdrEd5E8UwOPQ8Isy0bMBZHDCQ	6
7	2026-02-21 00:31:53.805652	2026-02-28 00:31:53.805522	t	2026-02-21 00:33:17.844287	XjEuOeaN23MQR4Qv5LTA4wwOJo0ycMG0tC7SqHY6mvQ	7
9	2026-02-21 00:33:45.495867	2026-02-28 00:33:45.495814	f	\N	nTXSJBmB7TJWaACqQev7CWkobGwivMFhZBYNyKomupc	7
8	2026-02-21 00:33:45.427813	2026-02-28 00:33:45.427725	t	2026-02-21 00:33:45.495554	wLLxBMmKTDxlebnLknJEJfpc7N3_HbCa0Hre_vQWEXg	7
10	2026-02-21 01:08:45.260136	2026-02-28 01:08:45.258047	f	\N	s0c1WYVoHYj9Jyn1uwd4oikMce1QapQpdavgkEdBSz8	6
11	2026-02-21 01:21:31.961599	2026-02-28 01:21:31.960367	f	\N	yyyFUKLfEpS3gMYWL_Ns01zPhpgAhN_CRvIq_MwE-Ts	6
12	2026-02-21 01:24:52.367671	2026-02-28 01:24:52.366823	t	2026-02-21 13:32:19.526555	Wp6vikBgiggTWaUieHRUMgFfDOFVlQSi2hejWVZIHuo	6
13	2026-02-21 13:55:25.020928	2026-02-28 13:55:25.017853	f	\N	JuYQ1RNFgnhD6ou1VhLeBNgDzWRo9Gv6UxaoTAYuNyk	6
14	2026-02-21 14:41:42.305238	2026-02-28 14:41:42.301328	f	\N	FWmz9ETf8rG7SQCGH1aahEIcoyGAmUgLIhwI-pMlrVU	6
15	2026-02-21 14:44:56.828843	2026-02-28 14:44:56.82776	f	\N	hyqgJU6Y9dxSI5ud4viwLoY-PGZtUn0UoBt4IkL-1Rk	6
16	2026-02-21 15:19:31.687999	2026-02-28 15:19:31.687012	t	2026-02-21 15:20:00.311591	ktJjkQ3yCNHdSkBBrkPf-paCorH0FE1fa0QjoRbDWlg	6
17	2026-02-21 15:23:08.299629	2026-02-28 15:23:08.296041	f	\N	nA1NgCem5b8Esyk8DaKqqEUKq9JTKvgKy4GhWkVysK4	6
18	2026-02-21 15:41:51.25922	2026-02-28 15:41:51.257821	f	\N	cVOHp0xqjv6u9TDPjIAK4BoQ_9y9FSXcF5AobI2lHc0	6
19	2026-02-21 16:07:10.873459	2026-02-28 16:07:10.871822	f	\N	LTLLkznOMQ9wTTmI04Zzq_FykrEp8mviPOLT8L6MCNo	6
20	2026-02-21 16:12:37.134365	2026-02-28 16:12:37.13305	f	\N	ecLGc8JzrUu7JSRV7PyfPln7tIYhFGfCZRC-SmtRPL0	6
21	2026-02-21 16:15:26.097978	2026-02-28 16:15:26.097378	f	\N	vtBLrbW27UZ30p7t1USFifCTV1gxN538rsYaq_03jEE	6
22	2026-02-22 00:59:05.836753	2026-03-01 00:59:05.83291	f	\N	ok1B3ZsSWxlrix8O_jnqRnzFBYDrPlHYIjC7JwlBtWw	6
23	2026-02-22 01:01:41.63828	2026-03-01 01:01:41.636124	f	\N	V7E1zTKJKLwh1_HMmgJ_1Zdg3nyPT_0b28KJjcSXZA8	6
24	2026-02-22 01:22:51.526667	2026-03-01 01:22:51.523176	f	\N	RsDrxeBc-eLVMuNcqn7Dpx3ROT52ERTCYN1oRo_1Jes	6
25	2026-02-22 01:29:43.548089	2026-03-01 01:29:43.547971	f	\N	ImOvAtSh-25dvSrY9zOzcijkcp2Gzw3VPgWWcTMsN-g	7
26	2026-02-22 01:57:01.332801	2026-03-01 01:57:01.331418	f	\N	FX_LUnTMdHGKoFsVJevkXB-hJ1enm_wcWcCHnXg0Ew0	6
27	2026-02-22 12:59:19.853605	2026-03-01 12:59:19.849645	f	\N	5hQ0lHXbsjrUNj1NRpMkt_V-9W0e0aiICl7NnBuNmuE	6
28	2026-02-22 13:01:04.161758	2026-03-01 13:01:04.15438	f	\N	eqfNCm3MAkXHFd-Q8LyS37T63-BHMQ-JOxERgWYkb0o	6
29	2026-02-22 13:05:15.21917	2026-03-01 13:05:15.218012	f	\N	DuH5z8VFrCJsyM_V1f0cBfFEBG6eqOKZg8k-1k9QvF4	6
30	2026-02-22 13:11:04.166397	2026-03-01 13:11:04.165077	f	\N	vpdHwUC-LLaMlFQFXcfAmwe2vCw5YzBXIUSm5iNpBwY	6
31	2026-02-22 14:44:35.892461	2026-03-01 14:44:35.874671	f	\N	0iydX0aNw2oF65c_1mOppQPpXNWmy4-fjy-PQfbo6sA	6
32	2026-02-22 14:48:59.649889	2026-03-01 14:48:59.644041	f	\N	5XGiVEzJTjfUKkpQmRAZd9bMVMeoycuNoyd2lCsm-bc	6
34	2026-02-23 14:22:29.807762	2026-03-02 14:22:29.807272	f	\N	FN9bCxwJs8_GpJ1U5p95J7wzVMzsGq31tvla4fn2T6s	6
33	2026-02-22 14:52:23.826572	2026-03-01 14:52:23.824771	t	2026-02-23 14:22:29.804627	14VQqc7Fejheob-gnTbWivp2tjafJCv9KeA6G7wl4uA	6
35	2026-02-23 15:57:13.063349	2026-03-02 15:57:13.061176	f	\N	hBgo3XEy6TwHuMw0GJymzB8llrSRYQmpTjfRjdJD7aQ	6
36	2026-02-24 01:07:21.807992	2026-03-03 01:07:21.803764	f	\N	bhCyKiNqWQMXrNzFAwYQsgPHomxWIS489RiXJvbnOcg	6
37	2026-02-24 01:11:32.119691	2026-03-03 01:11:32.118685	f	\N	wvh8gqTv86wVgBFrFIOEyLPoqCixVklncumU5Sj4cA0	6
38	2026-02-24 01:19:04.347687	2026-03-03 01:19:04.34476	f	\N	zgdBqmSOeVvd0PjhaLARHJ0Utu1p9U-nq51vlzkfiEs	6
39	2026-02-24 01:28:32.877002	2026-03-03 01:28:32.873637	f	\N	hs2i1odPpoUlJwkvfsAnqhDApI5efRM6wY8PLU7e68o	6
41	2026-02-24 02:19:37.213932	2026-03-03 02:19:37.213541	f	\N	zFEfMqdOHvmiwdQd56D8IYGVfBhLlhQvE-tFx0uhvUg	7
42	2026-02-24 04:07:47.392398	2026-03-03 04:07:47.39161	f	\N	iGfKYnWltDSS7FJ5pQfyeavP5Ge4SbEtKJxB0kzUwQU	6
40	2026-02-24 01:40:31.181304	2026-03-03 01:40:31.178057	t	2026-02-24 04:07:47.387616	teX8ohAWoSsW_rxwXm1G7rOdWhN8P3GDZ-3iCid4ytw	6
43	2026-02-24 14:29:58.191698	2026-03-03 14:29:58.189833	t	2026-02-24 16:36:57.255551	57SihyORrl4cXspCgNjeQ3vGbiBw1RP5hnX8lhaiCvk	6
44	2026-02-24 16:37:02.406258	2026-03-03 16:37:02.405419	f	\N	L3_YqLPK6zgseofXY3TJjJgwcZZDKfi5eFRQJca_B_g	6
45	2026-02-24 20:33:34.702842	2026-03-03 20:33:34.691764	f	\N	VOpZJcilxwaHIX6geR50fyLrYXBq0ePNgIJ_qAnyF2w	6
46	2026-02-25 01:16:32.690671	2026-03-04 01:16:32.657208	f	\N	dXe75yX-eM3VcJND7aLYYAzmq1mjXjHKLtFIiPUi74U	6
47	2026-02-25 01:51:51.695847	2026-03-04 01:51:51.688799	f	\N	qOkEKo2cWbir5VQ5S1bZV9j5HR2n3gdRqLWvpa9d7fA	6
48	2026-02-25 02:02:20.879938	2026-03-04 02:02:20.878385	f	\N	OdNmAJEk8zirrif--4pPdNBqh2JKshTu_t1BLTxFkcc	6
49	2026-02-25 02:12:20.312511	2026-03-04 02:12:20.308943	t	2026-02-25 02:13:09.034128	jF4mh9PxxN7S1RETPD3SrJO17xsnaK2-HdCfhGS6Q9s	6
50	2026-02-25 02:32:03.413066	2026-03-04 02:32:03.411245	f	\N	m9KvIRAD3gHqpcKFRq90LmMvZUxew7dEKmLIhBcfcA8	6
51	2026-02-25 02:54:46.333078	2026-03-04 02:54:46.327024	f	\N	r6I3BmWur0QlLyxHiyxYABAm1nUQZ1Ze0ikWL8R55kI	6
52	2026-02-25 03:31:12.626263	2026-03-04 03:31:12.614477	f	\N	nPBU-NhhPniaM2nU59XqkcZ7s1NfF1Zcz563iNlyO3w	6
53	2026-02-25 03:33:58.519673	2026-03-04 03:33:58.518167	t	2026-02-25 03:35:00.967734	A59OYLR-oDMLN--Hw9DoJI3r5Ug9VNTCQJv7npVJqjU	6
54	2026-02-25 03:35:27.932442	2026-03-04 03:35:27.931664	t	2026-02-25 03:40:52.80023	xrMcpxbJCO3NFpGA2niAazvRvUrH_UjnieIMVsY1uzk	8
56	2026-02-25 03:41:01.619608	2026-03-04 03:41:01.619375	f	\N	7_aDdI-RMXCzCajkfRHQL6eUukzdB8eSZ8086sMd-P4	6
55	2026-02-25 03:41:01.521682	2026-03-04 03:41:01.521098	t	2026-02-25 03:41:01.618418	ekKJDjXJIuLtFCNr_K7spgvtEUhPJNIBDA9WKWBOMGM	6
57	2026-02-25 03:43:53.90846	2026-03-04 03:43:53.908163	t	2026-02-25 03:44:08.705187	cLn66_D6g-r6wi7gwhRtSthx8By8c_2CskD7xu44bc8	8
58	2026-02-27 21:49:40.170691	2026-03-06 21:49:40.167633	t	2026-02-27 21:56:28.79318	s8NheFe1VPHimtrk6GFVnYWG9N0XgkBXD51voLMOcaU	6
60	2026-02-27 21:56:37.201579	2026-03-06 21:56:37.201488	f	\N	tjVJ00HA42vdBkbm99jzl4nMy2Mxm9_HS99hGHZZ0k4	6
59	2026-02-27 21:56:37.048019	2026-03-06 21:56:37.045894	t	2026-02-27 21:56:37.200744	5UEtKx_EZKL1ENflEKvHo9_nNnd7k4GDauaTfw4u54k	6
61	2026-02-27 21:59:58.948656	2026-03-06 21:59:58.947223	f	\N	0jWT1dP9WUEaxCIKH54SE4u6zPOWWgWBiEYrAh0Rzpw	6
62	2026-02-28 22:52:54.197365	2026-03-07 22:52:54.184647	f	\N	vdUi-bjsp3jFgOcWpgMF5Rk7v72VaqnsVvDNZ9HLc0M	6
63	2026-03-01 00:14:23.216485	2026-03-08 00:14:23.213153	f	\N	DSuEYtlSaKggNkmNTUUqtBB7tzUXcbOyl2bA8Nw61Vc	6
64	2026-03-01 00:17:03.631356	2026-03-08 00:17:03.630476	f	\N	SY2U6YcwRrR-qkM-4w856W4zzn-UZ_ZYBBg3V8RTMu4	6
66	2026-03-01 13:44:39.372497	2026-03-08 13:44:39.372398	f	\N	tKT1fX2IBlVjewfSDur4luke1y10Krd6pDaaHhD9w0Q	6
65	2026-03-01 00:18:34.917572	2026-03-08 00:18:34.910637	t	2026-03-01 13:44:39.370224	w4JfHywPNaCSY9c3PzMc4C5lRboTQMpN3FvY1aC0BCg	6
67	2026-03-01 14:37:19.942787	2026-03-08 14:37:19.941181	f	\N	8r70PlC1VttbMvWMVWWS29m4BJlikqModla41j-Q3Qo	6
68	2026-03-01 16:33:33.692719	2026-03-08 16:33:33.689107	t	2026-03-02 02:21:58.383449	zrTfJ94ArvLLWgEHaAJJCRGW0wkDpg2R3C0dcnz8NoY	6
70	2026-03-02 14:03:12.625144	2026-03-09 14:03:12.624811	f	\N	NfkJfYm71ZrwBL8Bc_h47PujHEmh7PLZzokvsQ3fH7s	6
69	2026-03-02 02:21:58.398135	2026-03-09 02:21:58.394382	t	2026-03-02 14:03:12.622547	lIxuQvY493rZ3RtnC6qObQM6PspBusvTughUnygYJnA	6
71	2026-03-02 14:46:54.444935	2026-03-09 14:46:54.443537	t	2026-03-02 14:52:13.559212	KYMZV24spEX7QDXUW9AxDB0TXkGaRVsg73q2QgzgFew	6
73	2026-03-02 14:52:18.317687	2026-03-09 14:52:18.317578	f	\N	_H_ak9BVNsXPbNVzmss5yo66ZqBlTLTNh5aEarIeHHI	6
72	2026-03-02 14:52:18.272027	2026-03-09 14:52:18.271877	t	2026-03-02 14:52:18.316958	qLNZ3xCcR-4iC_8EZzfrZtkaaxwgPPOE8zaQ9CVvzAc	6
74	2026-03-02 15:06:06.645113	2026-03-09 15:06:06.641071	f	\N	ufMz7d6LO94yfAk5rEcz1JmtukQkg4UWijXWEg1aS_U	6
75	2026-03-02 16:14:32.307272	2026-03-09 16:14:32.305989	f	\N	fVcr-BtinEQjw5Y-BB8856mhhPttpLEr1QaYUqiJzyY	6
76	2026-03-02 16:22:43.242988	2026-03-09 16:22:43.241623	f	\N	m5YXFsyiStXdSQ-QWcAK4nGtLW82olAMHajMmuuAiuQ	6
77	2026-03-02 16:32:08.468104	2026-03-09 16:32:08.464125	f	\N	vuntpU20OSwmtKf4pZd3hD2iN7xNUWBZV5Rgt0vQU_g	6
78	2026-03-03 13:06:45.430247	2026-03-10 13:06:45.402387	f	\N	TWR6OL6U94GnBsKzVfhmDGlE2Sdt4QRKv1Jr2S976-g	6
79	2026-03-03 13:16:02.665961	2026-03-10 13:16:02.664217	f	\N	0aCZhAl_eRgm4nO05JIG_lxI_K_Qsftm1zT9T7RXhBk	6
80	2026-03-03 14:21:50.205769	2026-03-10 14:21:50.199604	f	\N	5PS1onPgx2b8v2BbT7S9C5mowFZRgCuVFKElZ7u41j0	6
81	2026-03-03 16:25:01.938484	2026-03-10 16:25:01.935395	f	\N	Bs7b-L6o8Vy0Yj5VA10P_DdDrjOP5zqQ9bttnaJO8uw	6
82	2026-03-03 16:38:08.431652	2026-03-10 16:38:08.429742	f	\N	J3z2lYox5-xDteL-aAUL2kgpPfJYwdiRLw-VDaizIyk	6
83	2026-03-03 16:50:23.66525	2026-03-10 16:50:23.664546	f	\N	Uvw8UkWZezYErKZwLqE0lJMfFmzxZRxYrkh6fadYBZU	6
84	2026-03-03 17:18:49.87134	2026-03-10 17:18:49.869412	f	\N	dFPHgQZly524pIi7qLeZJJUm3paLK7Sd3qZegxoyfac	6
85	2026-03-03 17:23:04.347085	2026-03-10 17:23:04.344853	f	\N	292VON60pRYHmpA3QgguyfaxaYLBrlRfpN7wjwelvWM	6
86	2026-03-03 17:28:43.452819	2026-03-10 17:28:43.449208	f	\N	CvxZ87YiEmqA_cbT9yg_soRxHdVxpBUbcb1XH91qO9k	6
87	2026-03-04 00:58:06.623807	2026-03-11 00:58:06.618903	t	2026-03-04 01:03:30.370504	gsYGzNAkXBzy9PttDdJFTFOMjeSNBWJI7dY40fnWGhU	6
88	2026-03-04 01:03:42.252267	2026-03-11 01:03:42.251819	f	\N	j0VOvq-YBGWIuphcAFsAw_4Zd_0fdZ_Y5MAuGBRAsso	6
89	2026-03-04 01:06:42.615817	2026-03-11 01:06:42.61528	f	\N	qGl4GJlI2ph525O2brZDCpzZjX3aO657cd8gi6dgY9c	6
90	2026-03-04 01:39:03.625453	2026-03-11 01:39:03.621492	f	\N	rkRAlLI366wKRLyGs9QFmCb0K7fkfSi_QGu8Q4d9WWM	6
91	2026-03-04 01:55:12.016095	2026-03-11 01:55:12.011816	f	\N	DjxNw58YRtvP7eaWTBMne8HU4w3sqy4Hk3UVpxjr1qo	6
93	2026-03-04 14:18:56.18062	2026-03-11 14:18:56.180515	f	\N	PBEtDSc7sLh_T9zW46gJn3Vcu3pLhGHrq2VZ0WY3k6I	6
92	2026-03-04 02:10:17.531844	2026-03-11 02:10:17.526398	t	2026-03-04 14:18:56.178406	NL8RjIrQEf4UTZwldr3rLkyWj-gLge63aGb6EhdfS3o	6
94	2026-03-04 14:34:57.827222	2026-03-11 14:34:57.823754	t	2026-03-04 14:51:33.374376	sZjhMzjeEjpW5BptUuCKqeu6hAyq4m35VO85j-KdJG4	6
95	2026-03-04 14:51:39.872328	2026-03-11 14:51:39.871444	f	\N	f76ZnEXlsSvFRxoYO8UDXI-5jPZBCPJCL4CWXekvJmQ	6
96	2026-03-04 14:57:24.255031	2026-03-11 14:57:24.252796	f	\N	Y5EDfuVfSgxmwu-T6JC2ltoM5X3K35_X5sG9P_pzPyc	6
97	2026-03-04 14:59:02.717213	2026-03-11 14:59:02.7158	f	\N	ZMyVQT0w_dWMSnNxVYPzKHLAYqbVPfK4RSW2fkRtOe8	6
98	2026-03-04 15:47:04.122864	2026-03-11 15:47:04.117317	f	\N	INSSqbsiVCX15Exuodka-yGWJ8w2Getw_EydEGIbVUI	6
99	2026-03-04 15:51:05.847314	2026-03-11 15:51:05.844856	f	\N	xsboVhFdh9o-0PqQ8CoUwFhaq785VkRNcEd8iTVaEJk	6
100	2026-03-04 15:56:06.538382	2026-03-11 15:56:06.534965	f	\N	-Itz8bTRJI5fhRdPekBga-YUKHGIZI0KfbLh2Dx6bfA	6
101	2026-03-04 16:03:39.646873	2026-03-11 16:03:39.645345	f	\N	B4-SVqrI5tpSQkC0zbtZcbPT7f57wY0MJNJaunkktCY	6
102	2026-03-04 16:16:16.604036	2026-03-11 16:16:16.60058	f	\N	Ki4bD3694vtWvRXQJ0fEA2a4DGUHTzr7-cEP9Yclg3E	6
103	2026-03-04 16:31:54.40168	2026-03-11 16:31:54.398286	f	\N	iGdt2KxxyiLyDn3NdnfTlNzkMfDpxe8LydHIBsnyMqg	6
104	2026-03-04 16:41:53.576514	2026-03-11 16:41:53.574916	f	\N	Xov5sCG_JqCtEpS_OXVA9Ts1-BN_9GH8lQ8ZCzdpmL4	6
105	2026-03-04 16:44:09.749508	2026-03-11 16:44:09.746236	f	\N	sGCQ9CB2ZzVSYa1G1Tsl5EghaDjkVUUPu3sAfP9Kttk	6
106	2026-03-04 23:28:32.511037	2026-03-11 23:28:32.499056	f	\N	2-QontrLMlYXCPtUPZynl0IRgDks2aWgof8X_0QPV_I	6
107	2026-03-04 23:38:04.374441	2026-03-11 23:38:04.359639	f	\N	ilAblSOnT-IxG5f9IR2vgWrznSyXWqsBlSRwUu59peI	6
108	2026-03-04 23:40:43.97108	2026-03-11 23:40:43.96994	f	\N	XjWIId19OCn70jNTherc4bPEMagODUa0Fr87vWZZMo8	6
109	2026-03-04 23:47:36.225289	2026-03-11 23:47:36.224109	f	\N	QFj-Oz_nvAEQ8b3FvEVdJzEfS4lIykXi90e3yBL814Y	6
110	2026-03-04 23:59:24.632965	2026-03-11 23:59:24.62998	f	\N	5vAHc0ARoGyCtjHEDq4k897ZGpzrHbgOEOQWo-shnbU	6
111	2026-03-05 00:59:36.754023	2026-03-12 00:59:36.752524	f	\N	4415eqb9DReJCT3Cedmod1EKhIBZ7zHCz76PpENLRy8	6
112	2026-03-05 01:01:00.069739	2026-03-12 01:01:00.068878	f	\N	pe55Krb5yxldajkF3s66K0Enc1_lTy4TPgWpGCZFPCc	6
113	2026-03-05 01:23:32.894465	2026-03-12 01:23:32.886993	f	\N	nuDZUj9C3oyxrObzzQmuHiKBh87DVVG4OOKIuTPgOGo	6
114	2026-03-05 01:40:51.026586	2026-03-12 01:40:51.02573	f	\N	kU-xMgcEWeYN1PY7o0VT16lc8WBM4P6VSv3aQHLwIoA	6
116	2026-03-05 14:08:13.978408	2026-03-12 14:08:13.978272	f	\N	zvi7fj9V4ZC5fpy9YcKD7YergnKWm31UWjluXrZH4Ao	6
115	2026-03-05 01:43:53.126327	2026-03-12 01:43:53.122851	t	2026-03-05 14:08:13.975733	AeI_sIF4pUbq1JfaGTa9TK-5rB4ruW9EkyXoow9m_F4	6
117	2026-03-05 14:30:42.761973	2026-03-12 14:30:42.750505	t	2026-03-05 14:31:14.937714	xLUHF7e02VbYfrPC3OXS6bbR6hNh4ZjMO8UY-pGQ8_Q	6
118	2026-03-05 14:49:05.798996	2026-03-12 14:49:05.792648	f	\N	J0YmssD8ngY0EWCahqBc34VvtmHIPdaORD82j8MZfv0	6
119	2026-03-05 14:58:43.013146	2026-03-12 14:58:43.012323	f	\N	z_3taRgbVm0Ks34fi9TjzevYWi-K5BpP8-Wg6iYDkzk	6
120	2026-03-05 18:14:53.371978	2026-03-12 18:14:53.36036	f	\N	iIMLC1fllJ1NIXywFhD2Ea6hzaP-IADmLOa58bIJ0po	6
121	2026-03-06 00:31:13.975958	2026-03-13 00:31:13.972778	f	\N	ObAHAQpVPulJUn_T4kuUQwLJoBJUUU51iL4rNvHEfjw	6
122	2026-03-06 01:36:22.724318	2026-03-13 01:36:22.714311	f	\N	5atsBsGB7RzKaYnPuP118dOfJJsAaHfMarNS4UXDlqs	6
123	2026-03-06 01:41:12.155173	2026-03-13 01:41:12.150755	f	\N	ZGMXyANr75BQM-6vuGxbeopQ7ohGYLrzBjVFMR3xPnk	6
124	2026-03-06 01:48:13.481764	2026-03-13 01:48:13.480406	f	\N	CM1y-_9hwQEOJGzRE3eFRGeK8jlHvKbpPJa-kG-bK_o	6
125	2026-03-06 01:52:13.686804	2026-03-13 01:52:13.685594	f	\N	T_DAvkhku2L8hTM-7TA-_CYUN83Ri6r-ESigUnPuBuQ	6
126	2026-03-06 01:56:43.957258	2026-03-13 01:56:43.956005	f	\N	bveeVaGutlAQqGGG2LkVFT1HlbPYXefLUjesClQKQUE	6
128	2026-03-07 14:12:15.614324	2026-03-14 14:12:15.61417	f	\N	hKBT6GHNs0CsV-988y3rnv7nFyflkULcsXT6TsCU4ws	6
127	2026-03-06 02:08:06.800449	2026-03-13 02:08:06.797336	t	2026-03-07 14:12:15.611634	1aC2SZczAwTCEDmM-vINcDbG2gJd8G-tibsioxJgORg	6
129	2026-03-09 15:17:15.70624	2026-03-16 15:17:15.692919	f	\N	3TJ4r-0jeaMfgmyqANCI8gZydfSL3b1B64DIX2vYjG8	6
130	2026-03-09 15:34:16.782568	2026-03-16 15:34:16.778969	f	\N	61r1-5DKhC-fDOBkkrYOXmHi5mGobACTgUCoMFDYrK0	6
131	2026-03-09 17:10:54.509541	2026-03-16 17:10:54.494214	f	\N	au281J0PCLA_VqGqNXUjNT60q3Cb3Qg9yK1HeU4atLs	6
132	2026-03-09 17:18:03.837307	2026-03-16 17:18:03.836652	f	\N	OSIDOd3aZyMA8GTJOeUXizJbCdkQ5TZ1z_tIn4sseUM	6
133	2026-03-09 17:20:00.355642	2026-03-16 17:20:00.355094	f	\N	_5fbi2BnrC8Fel0PbtB1kvchAm4dSvtlMUgfVeHJ3gM	6
134	2026-03-09 17:22:49.14704	2026-03-16 17:22:49.145861	f	\N	igOdXDJPLqlZ1G76Ye7EInFikmfJM26-c449bUrAH2U	6
135	2026-03-09 20:00:25.666484	2026-03-16 20:00:25.649125	f	\N	2eunTTL9m9470Pk-DCvVNVF3NxCCZoxdbSiA58VyIbM	6
136	2026-03-09 20:05:40.37398	2026-03-16 20:05:40.37264	f	\N	N5VPDz5yJRRud3aRPeg_E6lP2l7aMBRd34P70BrtFBU	6
137	2026-03-09 20:14:33.431438	2026-03-16 20:14:33.430587	t	2026-03-09 20:22:11.556198	lB90xH8sSnZuqus5cAJwY-xrSk5Z_d1wms1bWY31MAw	6
138	2026-03-09 20:24:54.336257	2026-03-16 20:24:54.334932	f	\N	ShOnwFf6uAagUiu8UARMCaSwK2uBggL-PSGYyP3XUkw	6
139	2026-03-09 20:30:27.083806	2026-03-16 20:30:27.08295	f	\N	FPdVt_JVqHyoWpUa-WxWSc-F468N20BHbJHfAjHMCTs	6
140	2026-03-09 21:06:57.200676	2026-03-16 21:06:57.191526	f	\N	gkoNaVG1I3JvB3JMHySGsfzlrz1ONUjkxs0i_SXvXnY	6
141	2026-03-09 22:03:04.760321	2026-03-16 22:03:04.750838	f	\N	VXUJ7EjJ4RVzLhRmGGrzD550DurXJFY8XOvdWaj5vR4	6
142	2026-03-09 22:24:31.243924	2026-03-16 22:24:31.24289	f	\N	oXdM6bJ3nv4bD3ywIXfJUieHBA0fg2NFVGDRusSEi-k	6
143	2026-03-09 22:26:26.426267	2026-03-16 22:26:26.42561	f	\N	ZIkTzrRIRQmwhqFpwcSu-5pxCckftelJL3oeMzMXFj4	6
144	2026-03-09 22:27:36.980471	2026-03-16 22:27:36.979246	f	\N	tNFJOdS3G7nmSectLljCgVCIOhrH7PZuB2vmeYzY9vs	6
145	2026-03-10 01:55:39.728799	2026-03-17 01:55:39.700399	t	2026-03-10 01:56:43.782745	a-pzOt3gnU6RZBqAnKsIjZbK4xsxujLEHNnr0kUWAvU	6
146	2026-03-10 01:57:08.176139	2026-03-17 01:57:08.173909	f	\N	8J8GVrbPNfTvUOHdczQqapW8-A4cI9zGBFW6VXrZ60E	6
147	2026-03-10 02:00:36.776255	2026-03-17 02:00:36.774838	f	\N	2YMXtxNdTFpN3yqdghfc3H-XOLLVZshk0DxjICX_uKU	6
148	2026-03-10 02:02:43.690708	2026-03-17 02:02:43.687321	f	\N	TBhCTiAuwmE7LacmNoZ1kX2jKD45vbNDU9mCTvOTJMA	6
149	2026-03-10 02:07:34.195944	2026-03-17 02:07:34.194554	f	\N	Wa5DFsiZyYBJtZa5UP2h1HlpVuk-Z9iJtmDC5meO1T4	6
150	2026-03-10 02:09:44.112503	2026-03-17 02:09:44.111882	f	\N	OK8AE0ILyfErthU1v4sPuh4Q40FjP7-DXPqODEj_Iy8	6
151	2026-03-10 02:12:43.030174	2026-03-17 02:12:43.029124	f	\N	2_8ir5n3d609fNzYcz6fgxDwrpTX-WmkqA_Ahn0vJZs	6
152	2026-03-10 02:16:32.943213	2026-03-17 02:16:32.941887	f	\N	NP8orwpluvbjyMxXU-c23NBCutpP2BxI7LOMU0X1St4	6
153	2026-03-10 02:26:50.2734	2026-03-17 02:26:50.267075	f	\N	8Wgo9rkjxEyiFO8oXIzQcix6_gawQVAgu8fkQPL4gO0	6
154	2026-03-10 02:48:21.293249	2026-03-17 02:48:21.289711	f	\N	fSmbOdTqoHkh9lNXP40B1S4mz7F7MFJMF_WoO2SHFg4	6
155	2026-03-10 16:38:14.981768	2026-03-17 16:38:14.980221	f	\N	-NP8huNOGkPM4rqXiHD_zAsqNQB4ufG6paWZLrOn8z4	6
156	2026-03-10 16:58:21.851119	2026-03-17 16:58:21.847894	f	\N	V0S5_ToLujGC0YviIWm-d1mRjDvd7MgauA6osTG43Ms	6
157	2026-03-10 17:07:49.592347	2026-03-17 17:07:49.59163	f	\N	3irz4upIHhIbi5XtIlSdT6soDA7Ry6AwlbiWvDwKWjs	6
158	2026-03-10 21:01:22.22104	2026-03-17 21:01:22.203449	f	\N	AEr6MB5WusloeCzIKbyagRBqKtMCSUbCSo-WW29smHk	6
159	2026-03-10 22:04:07.851438	2026-03-17 22:04:07.84762	f	\N	gK2qTcZs518jB71Qs787LHAc3KD37b4xuMxiCA0cKfg	6
160	2026-03-10 22:30:59.321419	2026-03-17 22:30:59.310876	f	\N	uTkUTQcjFK1w5_IxL5336-N2TntFm-DC-DflSiW535g	6
161	2026-03-11 02:04:48.896951	2026-03-18 02:04:48.887694	f	\N	2Su2w9hYuk-toLkQMwhvSzJmOBNQSOwbofEd7oqWEX4	6
162	2026-03-11 02:12:26.745869	2026-03-18 02:12:26.744737	f	\N	OT1yFj4yMJxlCJ1iEK16i23flKI1Lm2Xf29_BxRAFCs	6
163	2026-03-11 02:13:06.399066	2026-03-18 02:13:06.397825	f	\N	eZpRwV6LkB8kfwVK9ig289OUITZlxtKWaPmKcRYqJDA	6
164	2026-03-11 02:35:10.128126	2026-03-18 02:35:10.126058	f	\N	gGOCh3HsCD2kckkYuCPhVuhZFfKfqGHNrNQ5sayRufc	6
165	2026-03-11 02:39:35.080027	2026-03-18 02:39:35.078759	f	\N	EiywjkTx5wwVdFFtCws0Z-nf5YKtJ1dhKpBL1A7mUPQ	6
166	2026-03-11 02:41:39.066012	2026-03-18 02:41:39.06497	f	\N	0Lyqi4WN5C_wqXgxbI7_cII9V_gFxwmsk8u5ydN1JDk	6
167	2026-03-11 02:48:33.037207	2026-03-18 02:48:33.035685	f	\N	A_l95xfjVaM_BwQuSDVrMZ7S7c-JByqwCxxLXR332gM	6
168	2026-03-11 04:17:05.546142	2026-03-18 04:17:05.535002	f	\N	K6hBKXRmnTAcxfb7LvCZwzY9IQQ9PLqzEczBMJ3RaxE	6
169	2026-03-11 04:17:48.697228	2026-03-18 04:17:48.694674	f	\N	zGBIfucjOfKauIlLKV7v3lm-BlzfniH0GSLO13BAPns	6
170	2026-03-11 04:23:16.37924	2026-03-18 04:23:16.377983	f	\N	oLOFNZGmwtOVcysaS0wRRdNh-ly0mJdmrlIEZu0eD20	6
171	2026-03-11 05:01:02.183974	2026-03-18 05:01:02.183143	f	\N	LfpPePpYY9fVp3xYJ3jD72taybreDcwMxM_UkFlIonw	6
172	2026-03-11 17:57:50.019842	2026-03-18 17:57:50.01842	t	2026-03-11 17:58:26.151038	-Vgll2XE2F90c-8qqKl2qhXq66wudajN2eX02jDCIpE	6
173	2026-03-11 17:59:25.691995	2026-03-18 17:59:25.691926	f	\N	DNZSJgj25tmxhUOFtbzFs8XF4yM2BN-RwdCj_K0KWwE	7
174	2026-03-11 21:16:08.674625	2026-03-18 21:16:08.67106	f	\N	-z3dQR7O2Er0hYKUsKHbRSlR2m4tW07J8FlrFzMjFCQ	6
175	2026-03-11 23:54:27.458584	2026-03-18 23:54:27.456916	f	\N	VooFW8tooGvaRA_Gf4-OQoQJp2e7IxTbmqkktXMTSwg	6
176	2026-03-12 03:14:21.638399	2026-03-19 03:14:21.63704	f	\N	oNAXBc8o7gL_SMJpOPaPxKnbmbjBhrCTm9_ycbsxX4g	6
177	2026-03-12 04:32:19.605481	2026-03-19 04:32:19.603676	f	\N	37O6GMD6_utaUG4yiSSBy29VuCgFgQUbSyV-aesGiP8	6
178	2026-03-12 16:04:53.48031	2026-03-19 16:04:53.479495	f	\N	gZBE2pyiLcVl37C7Boq0DgZpvg2atZga3d4yZ_mDL5g	6
179	2026-03-12 16:09:26.113045	2026-03-19 16:09:26.111799	f	\N	dS6Mq-5nTUBuCeXb5YsCFHRfDwZf5kHzFIgJaxD7Pt0	6
180	2026-03-12 16:45:54.721882	2026-03-19 16:45:54.714521	f	\N	GvWceYF2UB7Qc7HGzZxRw5UnGee3wa7ZvPoaOR69j54	6
181	2026-03-12 17:46:37.313667	2026-03-19 17:46:37.31251	f	\N	wCC6o4o6dKTc4lwdc4V3HAW303smHe2kACBIdjsWNRg	6
182	2026-03-12 17:53:00.80133	2026-03-19 17:53:00.800806	f	\N	945Y6LpkGJaMPmeEB5HG5inQYzdluFSqCSAwD_4r15w	6
183	2026-03-12 22:15:10.343538	2026-03-19 22:15:10.33837	f	\N	QYqKfKdNsfiHT0Kg4xHeDhjDJxglaazEfcgG-oKYPQY	6
185	2026-03-13 14:41:40.24978	2026-03-20 14:41:40.249636	f	\N	xDkReheUIezQ2I10xi_WEs9OX-8GFdy8144pS9f-K2w	6
184	2026-03-13 00:22:41.344761	2026-03-20 00:22:41.330276	t	2026-03-13 14:41:40.24735	GAU5jt47nxYmL6E0b-olU7hnC9ZEO_dPBJrlcLH9rGI	6
186	2026-03-13 15:46:39.37417	2026-03-20 15:46:39.373079	f	\N	sdVYly6a1rTsRnCgrw84fR43_WPb57EKyGhSpqAZdu0	6
187	2026-03-13 16:04:28.876085	2026-03-20 16:04:28.875402	f	\N	CWLrbRoo31Lc4XETyxfnV4quiIFr62ZRRBLURwDYcGo	6
188	2026-03-13 16:10:31.800481	2026-03-20 16:10:31.796783	f	\N	9prgUwryJx472DJBk93c29QcNUBxdj2CWVjazNigiQQ	6
189	2026-03-13 19:09:19.165137	2026-03-20 19:09:19.160307	f	\N	NHYyU3UuW9sWdM2jtpQ7NNc-MOUqNMqICkvDLab-4CE	6
190	2026-03-13 19:20:31.541308	2026-03-20 19:20:31.532956	f	\N	bh_f5fmMVJQvlcUSFmTa2nD7hKCsnZd2Lw8sYHS6jRw	6
191	2026-03-13 20:02:24.675511	2026-03-20 20:02:24.654001	f	\N	A6D1lkPQe6id7WsX_or0O9dO562Wg_56vaeAA_hucaU	6
193	2026-03-14 02:10:53.296906	2026-03-21 02:10:53.296814	f	\N	gFxnMLbTygIdbJJt18no3uu5FTWi96xWRUhYadJQQmQ	6
192	2026-03-14 02:10:05.452685	2026-03-21 02:10:05.427789	t	2026-03-14 02:10:53.294523	RdApwG23z3myW-LLDbbhch7cBtMZt2ulnxOIF9GKgIQ	6
194	2026-03-14 02:21:43.326619	2026-03-21 02:21:43.322812	f	\N	sN-UnUVNtEenvvlCt5tqLtcNDzK-DNYk7jMJ3HjHFnk	6
195	2026-03-14 02:52:14.201322	2026-03-21 02:52:14.199407	t	2026-03-14 02:52:49.556142	Kk1W2N0YbQ5SgFMUKekBYvvjRW-UCyc1fJrmux7eA7o	6
197	2026-03-14 13:40:34.512553	2026-03-21 13:40:34.512378	f	\N	R0fyeoZeL6jEQLhEBskUJTxn6xmlrth1H-sI-bGqUoM	6
196	2026-03-14 02:52:49.557084	2026-03-21 02:52:49.556999	t	2026-03-14 13:40:34.510495	wEiDTkm50l3j87SPhS0O3fPjxTrmK3Uvi1BpZNY1X40	6
198	2026-03-14 13:56:18.001269	2026-03-21 13:56:18.000307	f	\N	91nV1Tvhv9pCwDHU0ipI9UGhU3D0X8ecdnlRAFrf_G4	6
199	2026-03-14 14:32:18.386238	2026-03-21 14:32:18.369208	f	\N	P2OKAR6sr1GDNxLvaal03Ud-S1Rg01g5FiV7AWURt2c	6
200	2026-03-14 14:50:17.464112	2026-03-21 14:50:17.459048	f	\N	9kFsgW6Tbg4RSOMRWjlA5IXo-JMh65oGiquhrYhVZY0	6
201	2026-03-14 15:12:20.776445	2026-03-21 15:12:20.771853	f	\N	Q68Mop22s7elVatmEL1_B6bkRgjCY3n1jkorz50C4U8	6
202	2026-03-14 16:36:54.855393	2026-03-21 16:36:54.847735	f	\N	sYh7FJ92Pl34S-LdMX59K_9f7ERC1tSlrK0SaIpdqo4	6
204	2026-03-15 14:08:39.527808	2026-03-22 14:08:39.527053	f	\N	nzuPUNGyi19tU8c_T7dHXHlpunVh9WFmsO_Escphi-E	6
203	2026-03-14 19:04:35.459738	2026-03-21 19:04:35.455801	t	2026-03-15 14:08:39.525232	STLDHau6s-ATQ5js2MN8x6Gn-azJF_TtFxm9tsn0Ozg	6
205	2026-03-15 14:26:34.672641	2026-03-22 14:26:34.647056	t	2026-03-15 14:30:11.993834	qfp7YBMIlrFzKmXOAUs_VsmMR7Mex0HUiQeFJ3LVFlU	6
206	2026-03-15 14:31:19.287619	2026-03-22 14:31:19.28675	t	2026-03-15 14:34:42.78605	b7BvT-tYGplJS5_pywAc0gEk-iEOvt7Qng-PsIs3pVs	6
208	2026-03-15 14:35:24.948809	2026-03-22 14:35:24.948669	f	\N	v9GVq79NKX13tfQ3MHEEvseIiNH6tEaRaMCm70hISbk	6
207	2026-03-15 14:34:54.153322	2026-03-22 14:34:54.152439	t	2026-03-15 14:35:24.948003	X-ktRbskVVEOz4zmpZIwm1Nb_Ska8lgXxBMXomtoJVY	6
209	2026-03-16 14:50:07.033303	2026-03-23 14:50:07.011359	f	\N	LgOYSZLqHV1AoO5IiQbQ8mESO0mx4s_NpSutYOi0Wb8	6
210	2026-03-16 14:57:05.375415	2026-03-23 14:57:05.371716	f	\N	2nw4qExdAevGhBmojSCSLPYZYMUdOsMqi3qeH3-oOv8	6
211	2026-03-16 15:29:06.250267	2026-03-23 15:29:06.244841	f	\N	WwW64E9S9xVZUnQwis3Jpht9wr4gyWa3CzhTZZNrUJ4	6
212	2026-03-16 15:36:23.092429	2026-03-23 15:36:23.08019	f	\N	s1tAPZqXsi7tv_xtPf8Jg2XSYg0RkzGWikz7mBO1pOA	6
213	2026-03-30 13:53:49.60668	2026-04-06 13:53:49.602025	f	\N	g1yqyrnFAEhiGpmD9c-wFF2w9JRlAMzKQB5XLrbFuzE	6
214	2026-03-30 15:02:26.982382	2026-04-06 15:02:26.977359	t	2026-03-30 19:57:28.355883	aFpVojwiIqSb59dbg_DBOYaWNf_g3YlJo_dZflhJbpY	6
216	2026-03-30 19:57:35.098862	2026-04-06 19:57:35.098784	f	\N	GXgSXcuAJmLeQGBAuD5Y4ReoH2S5xXKYaK-4YdXS8II	6
215	2026-03-30 19:57:35.013002	2026-04-06 19:57:35.01256	t	2026-03-30 19:57:35.098337	wKLUOFSPymswun5X07Z9YRAk3hwgRQEJch8BYGWv92o	6
217	2026-03-30 20:07:08.714239	2026-04-06 20:07:08.710548	f	\N	hKGAH03s6vgLxj0a4gQbtUa8-rPU1YZ-h65HMK25n_A	6
218	2026-03-30 20:13:51.350284	2026-04-06 20:13:51.34894	f	\N	Z3MmBPbPrE7TDrZtAa9E-MMY_ybB5xFmKEivKjLUU_s	6
219	2026-03-30 20:16:01.490456	2026-04-06 20:16:01.489039	f	\N	UE6pY4_gdLpTz9XAhh8QECp0WXcoac3lKT38VzY92Co	6
220	2026-03-30 21:03:11.126734	2026-04-06 21:03:11.124887	f	\N	z5vFp5IwLBDkEPVE3u0LutzQOB7nxLE1MkOEahTsGNo	6
221	2026-03-30 21:18:42.859777	2026-04-06 21:18:42.857653	f	\N	2N5wsRR4unwD_04Lb9ktC_sgllC7HpcEe62JlzsW3qM	6
222	2026-03-30 21:21:42.693928	2026-04-06 21:21:42.693529	f	\N	pChKOwwE2coF_f-ZuDivbZnOrLwqwLZzmYRMIfGZD5o	6
223	2026-03-30 21:31:40.903384	2026-04-06 21:31:40.902081	f	\N	F_CvTXFse5h0syU_TExZQcS6_3LJKUHtnQ2c6UYAKmA	6
224	2026-03-30 22:21:11.856614	2026-04-06 22:21:11.850304	f	\N	xd_Ho9jIJdrJ32IZSbA8ghKMeUJueLUgp7_T5XGhxmU	6
225	2026-03-30 22:27:05.879168	2026-04-06 22:27:05.877693	f	\N	lX8S976RvswW_2XodybG5qjDCjsiHqtm1z9qggrB4qQ	6
226	2026-03-31 01:01:53.686462	2026-04-07 01:01:53.684964	f	\N	ngH9tQhRbL5EW_vvOvg9ruhc0GWvP8KaX8rp-Ef-9h4	6
227	2026-03-31 01:03:40.464468	2026-04-07 01:03:40.463718	f	\N	Qeyf-uCXOqA3Hzg9dlJQt9zHuMl2MmgFzpiW9C8RAEg	6
228	2026-03-31 01:06:43.473594	2026-04-07 01:06:43.472247	f	\N	uHrlbga4VGpeYqziuOFSG2rM4hURQ8bmqBHw2pfkRfw	6
229	2026-03-31 01:09:12.021619	2026-04-07 01:09:12.020131	f	\N	QHTpnqgs0Xwm2pCSvAD-tIUkXMe9gu39lCp-IoSi4gs	6
230	2026-03-31 01:12:10.771043	2026-04-07 01:12:10.769563	f	\N	aqAgv64x1gR7zgsgogfkmP2UOXMNR8Fh_fCcRRDnTAY	6
231	2026-03-31 02:13:05.994856	2026-04-07 02:13:05.987596	f	\N	IDeKtwjke3h_3X1uXZCfQo-BHcnlk18Lmrm8HY5Txlg	6
232	2026-03-31 02:17:45.353489	2026-04-07 02:17:45.352713	f	\N	yEdI3_WdvJ-aTiUkJ1oHw6owH4nchv0SWZy8BjeqHvY	6
233	2026-03-31 02:17:45.994348	2026-04-07 02:17:45.993467	t	2026-03-31 02:27:14.125778	dd0lb-Aq-kw7dRO4V81_aeQJNurti5yYgW9ICT5wWLo	6
234	2026-03-31 02:27:17.68754	2026-04-07 02:27:17.687103	f	\N	i-1APO63IezlkqVfN8I1W4iMWJormQZd-yQq49zWXAU	6
235	2026-03-31 02:27:43.835479	2026-04-07 02:27:43.834174	f	\N	QQpaY1rh1fKqsbHEfwnmxKyg7t1o14kAtRnmOL8gAOw	6
236	2026-03-31 02:33:06.607712	2026-04-07 02:33:06.606682	f	\N	jDo0jwkTF1NlgKjY_9SNXEVnlLXWJnKkjWHLdaxVnmc	6
237	2026-03-31 02:34:05.708889	2026-04-07 02:34:05.707502	f	\N	5OfJpH_T__pKYFR0qcpt00iub96JsdwTE7h1eH3TfBw	6
238	2026-03-31 02:35:50.321813	2026-04-07 02:35:50.319905	f	\N	XuXjafmT_l00xI-n7bnosXWwp1wl_Nu4YvKoWKI0gLc	6
239	2026-03-31 02:37:48.408212	2026-04-07 02:37:48.407378	f	\N	Glza5FHQXM4f6xEn50_CACV1o5fv3SzdgciCbFdlpOk	6
240	2026-03-31 02:52:41.164052	2026-04-07 02:52:41.162641	f	\N	UiOcWLhPxC47xCrNRswSiEIrbfCZtreG2yxZCTiElh0	6
241	2026-03-31 02:54:03.017752	2026-04-07 02:54:03.016367	f	\N	z-bU3JJtVhys4wnu92dZ32pwQb29Dpfr2fX4mmCHalM	6
242	2026-03-31 02:54:03.640544	2026-04-07 02:54:03.64013	f	\N	qkDFuiA_OurdViuqXf8PoJeiDap3o1GcWb65hw3qlCA	6
243	2026-03-31 02:55:57.864988	2026-04-07 02:55:57.862931	f	\N	d1Xzt8_TACpQOtJU27VF9qRoqCIRapd3Ip0cuI67bAc	6
245	2026-03-31 13:23:56.514845	2026-04-07 13:23:56.514687	f	\N	o2iTczU2PGob_3VAQ74aw4HE_ie_RuQcB6-GuqfkURw	6
244	2026-03-31 03:10:51.528411	2026-04-07 03:10:51.526743	t	2026-03-31 13:23:56.513777	u1LdIyZhUpmPouenFGre4jXiYFpydFVvt6z8R3vvWM0	6
246	2026-03-31 15:31:57.533503	2026-04-07 15:31:57.531105	f	\N	7zk7G73NQodwD5Hm_JitF0h3BflWhQ57p5bjoorRjrw	6
247	2026-03-31 18:51:55.887306	2026-04-07 18:51:55.884646	f	\N	4noQwyY9oh5Is8WX2mFGbwi5d5nXbL9RvMzf8m7GRlM	6
249	2026-04-02 01:56:03.358615	2026-04-09 01:56:03.358075	f	\N	nk5OeDuqNFD4YaP52Lp-9gYUF7KzXVWj_cSg0pwmlc0	6
248	2026-04-01 11:45:19.021611	2026-04-08 11:45:19.020837	t	2026-04-02 01:56:03.357454	QWzlsDoGzR3DCnqRhIyrlHEbT5spjS0Ue3UtgNKRVGs	6
250	2026-04-02 02:27:09.052641	2026-04-09 02:27:09.04793	f	\N	IX9TRTKYyeIrFJjICGJ6epYt6QKdTQ0iqClfxrGoTbY	6
252	2026-04-02 02:50:16.340806	2026-04-09 02:50:16.340729	f	\N	SM7QzYxtR6X16OGoQIvjeNDb0jrlHdjQGk_amD6mCE0	6
251	2026-04-02 02:32:14.883797	2026-04-09 02:32:14.879909	t	2026-04-02 02:50:16.339733	onpbLuUfVFCgksa7tYmG-I5xnc2g4lOySdMV1WL5ugc	6
253	2026-04-02 03:01:56.047608	2026-04-09 03:01:56.041797	f	\N	jJlpDEtZ_OKHNpI-_UA6xlNv3QrFYAtesHGeej9NrAY	6
254	2026-04-02 03:02:45.165478	2026-04-09 03:02:45.164044	f	\N	eS7Iwc6pmQy257cHThmXynF74d-d2h1Li7IlR7iORWU	6
255	2026-04-02 13:14:38.308542	2026-04-09 13:14:38.304935	f	\N	vZr-mNkS2tFbozSxzUdfBxSAzNrw7fl1-_t58rOI-m8	6
256	2026-04-02 13:25:38.292988	2026-04-09 13:25:38.291624	f	\N	YHA3UwmPsEGybtr1d6Pqd-i0_5jAmtYyiePgJe8-pic	6
257	2026-04-04 17:55:00.132504	2026-04-11 17:55:00.132128	f	\N	PlU1fBZqBWCW6WvcXEM4HTY1o-1XtYpCFz0u3ubi0ig	6
258	2026-04-04 18:50:13.094568	2026-04-11 18:50:13.09313	f	\N	M2VFHxyhkHLNBWtA-miOTUQLzmtntHLSyxePqdwuKZM	6
259	2026-04-04 23:16:49.322248	2026-04-11 23:16:49.314095	f	\N	TnfUVjNm5OMnkM88KQl77wI6N4pvucujfNLN81ulzOM	6
260	2026-04-04 23:16:50.150467	2026-04-11 23:16:50.150281	f	\N	j1qzrIGkumJ076_vMJKSUHTHz-wNuCpUcZiNpdtkH4k	6
261	2026-04-04 23:25:08.50002	2026-04-11 23:25:08.499181	f	\N	6L7ocIjpbxPNO04xs__4j2SikZDH97yQo1WE7k-EGiM	6
262	2026-04-04 23:27:23.40375	2026-04-11 23:27:23.403638	f	\N	sguf0HYXKayK_9a8mlOyWQwRB1K4m5VUg3-wCD27p1A	7
263	2026-04-04 23:40:48.096038	2026-04-11 23:40:48.092525	f	\N	o5Tx5jo-HHpnW3639mBzydE5tDDF_tzT0EQ1gXZjvJ8	6
264	2026-04-05 22:51:40.775653	2026-04-12 22:51:40.767944	t	2026-04-06 00:26:24.620924	XtDh_dVNRuzomWWCFUi-1C70gjWYe4dIV21YSvIF0Bg	6
266	2026-04-07 01:17:00.318099	2026-04-14 01:17:00.317979	f	\N	3AORjcDY40rixxOzc9hGfjHDNhiOn4aum1h2uO5Qzfc	6
265	2026-04-06 00:26:30.171418	2026-04-13 00:26:30.170398	t	2026-04-07 01:17:00.316971	xK5NQUKcevsS4_iYjuLBXkQ4B6_7TydaaIpnWEm8hIU	6
267	2026-04-07 01:32:06.304301	2026-04-14 01:32:06.301336	f	\N	lXb2C_IqigPm04NDBIVgYrp-BIl54TI5h89DIHDmgP0	6
268	2026-04-07 01:34:19.877595	2026-04-14 01:34:19.876672	f	\N	ttexsCJws-TzuzAIdSkoiM8pMe0bdkCcw2k6fwVTa-U	6
269	2026-04-07 02:03:28.980542	2026-04-14 02:03:28.979309	f	\N	fTv54p-_MlBvXwoeNa-2S-0Uux-rcykNgCqI6Q0I0Gg	6
271	2026-04-07 23:51:01.943477	2026-04-14 23:51:01.943372	f	\N	hz8PUZiz7JVNbH-gQAvn_AWV0kYMjP3Zva7fkDhqheU	6
270	2026-04-07 02:50:24.593224	2026-04-14 02:50:24.591491	t	2026-04-07 23:51:01.942838	OEwJBIhG63Q1LnnFsQvDJ2bnCJ38oYyBnwXsCnEVeog	6
272	2026-04-07 23:58:06.646062	2026-04-14 23:58:06.645491	t	2026-04-08 00:04:24.044245	fdSCAipHJFDGYj_FxHyBucTUxbT2Em_DwXhT9wUaocE	6
273	2026-04-08 00:04:32.846547	2026-04-15 00:04:32.845896	t	2026-04-08 00:04:56.010451	68E27Ml2tKCM6u4N3TvqjFTjXYoKwcldo_rCegt_u-g	6
275	2026-04-08 00:05:10.679177	2026-04-15 00:05:10.678784	f	\N	AXcONY9y7hHJD4V92s0D2cqVP_03UmviMEi4B0z7sBI	6
274	2026-04-08 00:05:10.594001	2026-04-15 00:05:10.593246	t	2026-04-08 00:05:10.677359	q2wHDl4Bo4NT4E2csUrJqZQD_6dIyoTIXPN0zURyAXE	6
276	2026-04-08 01:05:10.257239	2026-04-15 01:05:10.255128	f	\N	94z9Zx8hALOiueiPwrw5ghd-tcDjmOafFsgiQBs2kN8	6
277	2026-04-08 01:07:05.090646	2026-04-15 01:07:05.087013	f	\N	b8nWYTEQ4TjAVM7xPVZfZrQ3ShYf8gmrtbMxmgMDj8A	6
278	2026-04-08 01:07:57.317711	2026-04-15 01:07:57.316654	f	\N	t5i8y8Pi0kAdq4VrmrI5PnawDIH_loJLpuJ9RNyGhyQ	6
279	2026-04-09 20:57:29.492328	2026-04-16 20:57:29.48792	f	\N	OgYuvOb6pzovxxn-dzsjrJl9xZ13WVtyLOzxXHyM_6Q	6
280	2026-04-09 21:02:18.351695	2026-04-16 21:02:18.348194	f	\N	fPCsUWxCruLy5ZOt3npV0ewrjE7nsDyzqnzNtlSRHSQ	6
281	2026-04-09 21:03:03.617117	2026-04-16 21:03:03.615883	f	\N	wZd8Oi-TuJMKmZSf-66NSuk6BcY-b3QvHMxRJCVNSNs	6
282	2026-04-09 21:08:41.726813	2026-04-16 21:08:41.722756	f	\N	O_rZsoaH3M_y5BEfQUJTHFpGO0gkX_Wdl4covBVcvX4	6
283	2026-04-09 21:17:27.05897	2026-04-16 21:17:27.056125	f	\N	PUI6y4XIa7didHJ78_RMhSTehu9vo_Uuz7g5lsY8BCI	6
284	2026-04-09 21:22:02.003606	2026-04-16 21:22:02.002498	f	\N	b6uJfHsQraRpCKYvnc1CluJ3_LeOXE_UznaI_etsVQ0	6
285	2026-04-09 21:48:01.594537	2026-04-16 21:48:01.588588	f	\N	EYg0CJ2tlAM7p4i28hoPQSq7ZmXTukOGqhaBZhpkA_M	6
286	2026-04-09 21:48:26.528996	2026-04-16 21:48:26.52757	f	\N	cbsanNUVd4VN5iGSrMb1KJz3NU3MJQHp9m2GhMmtF-o	6
287	2026-04-09 21:51:09.092685	2026-04-16 21:51:09.088329	f	\N	Lo8oGpKPJYdW90hBeigOwZpUax7m098t1n6HnLKos6c	6
288	2026-04-09 21:53:02.890677	2026-04-16 21:53:02.886208	t	2026-04-09 21:53:28.288777	sd3hlyhmQpYxrKxRk5EB8YrgJ6YhPqZ2p4tJPQaLQIw	6
289	2026-04-10 03:25:03.604438	2026-04-17 03:25:03.603572	t	2026-04-10 03:25:06.650311	CEzZAer3wCQsej-Ey8NQUVOtpndS6b0z88DUIGz7Jx4	6
290	2026-04-10 03:35:50.394168	2026-04-17 03:35:50.390393	t	2026-04-10 03:36:00.662441	KBFGMUow39PTibKwvxw6iLtzlNCOm-xO-YPYVH9RCco	6
\.


--
-- Data for Name: regions; Type: TABLE DATA; Schema: public; Owner: crm_user
--

COPY public.regions (id, name) FROM stdin;
1	Región de Arica y Parinacota
2	Región de Tarapacá
3	Región de Antofagasta
4	Región de Atacama
5	Región de Coquimbo
6	Región de Valparaíso
7	Región Metropolitana de Santiago
8	Región del Libertador General Bernardo O'Higgins
9	Región del Maule
10	Región de Ñuble
11	Región del Biobío
12	Región de La Araucanía
13	Región de Los Ríos
14	Región de Los Lagos
15	Región de Aysén del General Carlos Ibáñez del Campo
16	Región de Magallanes y de la Antártica Chilena
\.


--
-- Data for Name: retirement_statuses; Type: TABLE DATA; Schema: public; Owner: crm_user
--

COPY public.retirement_statuses (id, name) FROM stdin;
1	No jubilado
2	Jubilado por vejez
3	Pensionado por invalidez
\.


--
-- Data for Name: role_permissions; Type: TABLE DATA; Schema: public; Owner: crm_user
--

COPY public.role_permissions (role_id, permission_id) FROM stdin;
11	26
11	28
11	21
11	22
11	19
11	30
11	20
11	23
3	2
3	3
11	25
11	29
11	27
11	24
2	2
2	6
4	2
3	10
3	11
3	9
2	10
3	13
3	14
3	15
2	13
1	10
1	3
1	41
1	53
1	26
1	37
1	35
1	36
1	21
1	31
1	44
1	27
1	18
1	2
1	17
1	14
1	32
1	49
1	15
1	46
1	52
1	16
1	13
1	50
1	24
1	12
1	54
1	5
1	1
1	42
1	38
1	45
1	9
1	22
1	30
1	20
1	23
1	25
1	6
1	39
1	43
1	8
1	11
1	40
1	28
1	51
1	29
1	34
1	4
1	47
1	7
1	48
1	19
1	33
12	32
\.


--
-- Data for Name: roles; Type: TABLE DATA; Schema: public; Owner: crm_user
--

COPY public.roles (id, created_at, description, name, updated_at, enabled) FROM stdin;
3	2026-02-20 23:33:26.64012	Manager with intermediate permissions	ROLE_MANAGER	2026-02-20 23:33:26.640125	t
2	2026-02-20 23:33:26.636946	Regular user with basic permissions	ROLE_USER	2026-02-25 03:34:51.793183	t
4	2026-02-24 01:08:54.020746	Pasante del sistema (universitario)	Universitario	2026-02-25 03:41:20.525089	t
9	2026-03-04 02:11:09.62016	Supervisor de operaciones	ROLE_SUPERVISOR	2026-03-04 02:11:09.620166	t
10	2026-03-04 02:11:09.636977	Analista de datos	ROLE_ANALYST	2026-03-04 02:11:09.636982	t
11	2026-03-14 19:10:22.297137	Representante	Representante	2026-03-14 19:10:22.567871	t
1	2026-02-20 23:33:26.624377	Administrador con acceso total	ROLE_ADMIN	2026-03-30 13:55:08.64576	t
12	2026-03-30 17:26:05.241031	Visitador	Visitador	2026-03-30 17:26:05.33556	t
\.


--
-- Data for Name: safety_compliances; Type: TABLE DATA; Schema: public; Owner: crm_user
--

COPY public.safety_compliances (id, active, created_at, description, name, updated_at) FROM stdin;
1	t	2026-03-31 19:00:18.673804	Cumple con todos los protocolos y normativas de seguridad sin observaciones	Cumplimiento Total	2026-03-31 19:00:18.673835
2	t	2026-03-31 19:00:18.693568	Cumple con la mayoría de los protocolos con algunas observaciones menores	Cumplimiento Parcial	2026-03-31 19:00:18.693585
3	t	2026-03-31 19:00:18.697503	Cumple solo con los requisitos básicos de seguridad con observaciones relevantes	Cumplimiento Mínimo	2026-03-31 19:00:18.697509
4	t	2026-03-31 19:00:18.703123	Presenta infracciones menores a los protocolos de seguridad	Incumplimiento Leve	2026-03-31 19:00:18.703129
5	t	2026-03-31 19:00:18.706977	Presenta infracciones graves o reiteradas a los protocolos de seguridad	Incumplimiento Grave	2026-03-31 19:00:18.706982
\.


--
-- Data for Name: safety_groups; Type: TABLE DATA; Schema: public; Owner: crm_user
--

COPY public.safety_groups (id, name) FROM stdin;
1	ACHS
2	Mutual de Seguridad CChC
3	IST
4	ISL
\.


--
-- Data for Name: settlements; Type: TABLE DATA; Schema: public; Owner: crm_user
--

COPY public.settlements (id, contract_id, created_at, employee_id, end_date, hr_request_id, observations, rehire_eligible, termination_document_url, updated_at, legal_termination_cause_id, no_re_hired_cause_id, quality_of_work_id, safety_compliance_id) FROM stdin;
5	1	2026-04-07 23:53:48.265306	1	2026-04-08	\N	todo bien	t	\N	2026-04-07 23:53:48.265319	1	\N	1	1
\.


--
-- Data for Name: sites; Type: TABLE DATA; Schema: public; Owner: crm_user
--

COPY public.sites (id, name) FROM stdin;
1	Casa Matriz
2	Sucursal Norte
3	Sucursal Sur
4	Bodega Central
\.


--
-- Data for Name: termination_agreements; Type: TABLE DATA; Schema: public; Owner: crm_user
--

COPY public.termination_agreements (id, contract_id, created_at, employee_id, end_date, hr_request_id, observations, rehire_eligible, status, termination_document_url, updated_at, legal_termination_cause_id, no_re_hired_cause_id, quality_of_work_id, safety_compliance_id) FROM stdin;
\.


--
-- Data for Name: termination_quiz_option; Type: TABLE DATA; Schema: public; Owner: crm_user
--

COPY public.termination_quiz_option (id, display_order, label, question_id) FROM stdin;
\.


--
-- Data for Name: termination_quiz_question; Type: TABLE DATA; Schema: public; Owner: crm_user
--

COPY public.termination_quiz_question (id, active, created_at, display_order, question, question_group, required, updated_at) FROM stdin;
\.


--
-- Data for Name: transport_types; Type: TABLE DATA; Schema: public; Owner: crm_user
--

COPY public.transport_types (id, description, name) FROM stdin;
1	\N	Sin movilización
2	\N	Bus
3	\N	Metro
4	\N	Taxi
5	\N	Vehículo propio
6	\N	Movilización empresa
\.


--
-- Data for Name: user_mfa; Type: TABLE DATA; Schema: public; Owner: crm_user
--

COPY public.user_mfa (id, created_at, enabled, totp_secret, user_id, verified_at) FROM stdin;
1	2026-02-21 00:10:07.266165	f	6CCGAPSFOHFMTQIGI66D2EHH4KBKEJPK	6	\N
2	2026-02-21 00:32:16.886651	t	QM2ORRASFAYBKZGA7S4VDT5TK7WOYBXT	7	2026-04-04 23:27:23.395357
\.


--
-- Data for Name: user_roles; Type: TABLE DATA; Schema: public; Owner: crm_user
--

COPY public.user_roles (user_id, role_id) FROM stdin;
1	1
2	2
3	3
3	2
6	1
7	1
8	4
19	11
5	9
4	12
17	12
16	9
18	11
15	12
\.


--
-- Data for Name: user_sessions; Type: TABLE DATA; Schema: public; Owner: crm_user
--

COPY public.user_sessions (id, created_at, device_id, ip_address, last_seen_at, revoked, revoked_at, user_agent, user_id) FROM stdin;
22	2026-02-22 01:22:51.547047	\N	192.168.1.14	2026-02-22 01:22:51.547047	f	\N	Mozilla/5.0 (Macintosh; Intel Mac OS X 10_15_7) AppleWebKit/537.36 (KHTML, like Gecko) Chrome/145.0.0.0 Safari/537.36	6
1	2026-02-20 23:48:53.968349	\N	192.168.1.14	2026-02-20 23:55:33.670497	t	2026-02-20 23:55:33.670086	Mozilla/5.0 (Macintosh; Intel Mac OS X 10_15_7) AppleWebKit/537.36 (KHTML, like Gecko) Chrome/145.0.0.0 Safari/537.36	6
3	2026-02-21 00:21:51.113357	\N	192.168.1.14	2026-02-21 00:22:24.593706	t	2026-02-21 00:22:24.591207	Mozilla/5.0 (Macintosh; Intel Mac OS X 10_15_7) AppleWebKit/537.36 (KHTML, like Gecko) Chrome/145.0.0.0 Safari/537.36	6
2	2026-02-20 23:57:11.511375	\N	192.168.1.14	2026-02-21 00:22:24.638307	t	2026-02-21 00:22:24.638004	Mozilla/5.0 (Macintosh; Intel Mac OS X 10_15_7) AppleWebKit/537.36 (KHTML, like Gecko) Chrome/145.0.0.0 Safari/537.36	6
23	2026-02-22 01:29:43.550534	\N	192.168.1.14	2026-02-22 01:29:43.550534	f	\N	PostmanRuntime/7.51.1	7
4	2026-02-21 00:22:30.544759	\N	192.168.1.14	2026-02-21 00:22:57.940591	t	2026-02-21 00:22:57.940152	Mozilla/5.0 (Macintosh; Intel Mac OS X 10_15_7) AppleWebKit/537.36 (KHTML, like Gecko) Chrome/145.0.0.0 Safari/537.36	6
24	2026-02-22 01:57:01.342376	\N	192.168.1.14	2026-02-22 01:57:01.342376	f	\N	Mozilla/5.0 (Macintosh; Intel Mac OS X 10_15_7) AppleWebKit/537.36 (KHTML, like Gecko) Chrome/145.0.0.0 Safari/537.36	6
5	2026-02-21 00:29:53.564418	\N	192.168.1.14	2026-02-21 00:30:06.863855	t	2026-02-21 00:30:06.863381	Mozilla/5.0 (Macintosh; Intel Mac OS X 10_15_7) AppleWebKit/537.36 (KHTML, like Gecko) Chrome/145.0.0.0 Safari/537.36	6
25	2026-02-22 12:59:19.867246	\N	192.168.1.14	2026-02-22 12:59:19.867246	f	\N	Mozilla/5.0 (Macintosh; Intel Mac OS X 10_15_7) AppleWebKit/537.36 (KHTML, like Gecko) Chrome/145.0.0.0 Safari/537.36	6
6	2026-02-21 00:31:53.810002	080f85b3-ad95-4e81-8f83-16f7fa62f4ae	192.168.1.14	2026-02-21 00:33:17.84947	t	2026-02-21 00:33:17.848779	Mozilla/5.0 (Macintosh; Intel Mac OS X 10_15_7) AppleWebKit/537.36 (KHTML, like Gecko) Chrome/145.0.0.0 Safari/537.36	7
8	2026-02-21 01:08:45.273918	\N	192.168.1.14	2026-02-21 01:08:45.273918	f	\N	Mozilla/5.0 (Macintosh; Intel Mac OS X 10_15_7) AppleWebKit/537.36 (KHTML, like Gecko) Chrome/145.0.0.0 Safari/537.36	6
9	2026-02-21 01:21:31.968085	\N	192.168.1.14	2026-02-21 01:21:31.968085	f	\N	Mozilla/5.0 (Macintosh; Intel Mac OS X 10_15_7) AppleWebKit/537.36 (KHTML, like Gecko) Chrome/145.0.0.0 Safari/537.36	6
26	2026-02-22 13:01:04.182874	\N	192.168.1.14	2026-02-22 13:01:04.182874	f	\N	Mozilla/5.0 (Macintosh; Intel Mac OS X 10_15_7) AppleWebKit/537.36 (KHTML, like Gecko) Chrome/145.0.0.0 Safari/537.36	6
10	2026-02-21 01:24:52.372775	\N	192.168.1.14	2026-02-21 13:32:19.531277	t	2026-02-21 13:32:19.530983	Mozilla/5.0 (Macintosh; Intel Mac OS X 10_15_7) AppleWebKit/537.36 (KHTML, like Gecko) Chrome/145.0.0.0 Safari/537.36	6
11	2026-02-21 13:55:25.039951	\N	192.168.1.14	2026-02-21 13:55:25.039951	f	\N	Mozilla/5.0 (Macintosh; Intel Mac OS X 10_15_7) AppleWebKit/537.36 (KHTML, like Gecko) Chrome/145.0.0.0 Safari/537.36	6
12	2026-02-21 14:41:42.330514	\N	192.168.1.14	2026-02-21 14:41:42.330514	f	\N	Mozilla/5.0 (Macintosh; Intel Mac OS X 10_15_7) AppleWebKit/537.36 (KHTML, like Gecko) Chrome/145.0.0.0 Safari/537.36	6
13	2026-02-21 14:44:56.850178	\N	192.168.1.14	2026-02-21 14:44:56.850178	f	\N	Mozilla/5.0 (Macintosh; Intel Mac OS X 10_15_7) AppleWebKit/537.36 (KHTML, like Gecko) Chrome/145.0.0.0 Safari/537.36	6
27	2026-02-22 13:05:15.227831	\N	192.168.1.14	2026-02-22 13:05:15.227831	f	\N	Mozilla/5.0 (Macintosh; Intel Mac OS X 10_15_7) AppleWebKit/537.36 (KHTML, like Gecko) Chrome/145.0.0.0 Safari/537.36	6
14	2026-02-21 15:19:31.697943	\N	192.168.1.14	2026-02-21 15:20:00.325241	t	2026-02-21 15:20:00.323829	Mozilla/5.0 (Macintosh; Intel Mac OS X 10_15_7) AppleWebKit/537.36 (KHTML, like Gecko) Chrome/145.0.0.0 Safari/537.36	6
15	2026-02-21 15:23:08.318072	\N	192.168.1.14	2026-02-21 15:23:08.318072	f	\N	Mozilla/5.0 (Macintosh; Intel Mac OS X 10_15_7) AppleWebKit/537.36 (KHTML, like Gecko) Chrome/145.0.0.0 Safari/537.36	6
16	2026-02-21 15:41:51.268781	\N	192.168.1.14	2026-02-21 15:41:51.268781	f	\N	Mozilla/5.0 (Macintosh; Intel Mac OS X 10_15_7) AppleWebKit/537.36 (KHTML, like Gecko) Chrome/145.0.0.0 Safari/537.36	6
17	2026-02-21 16:07:10.885454	\N	192.168.1.14	2026-02-21 16:07:10.885454	f	\N	Mozilla/5.0 (Macintosh; Intel Mac OS X 10_15_7) AppleWebKit/537.36 (KHTML, like Gecko) Chrome/145.0.0.0 Safari/537.36	6
18	2026-02-21 16:12:37.140627	\N	192.168.1.14	2026-02-21 16:12:37.140627	f	\N	Mozilla/5.0 (Macintosh; Intel Mac OS X 10_15_7) AppleWebKit/537.36 (KHTML, like Gecko) Chrome/145.0.0.0 Safari/537.36	6
19	2026-02-21 16:15:26.101927	\N	192.168.1.14	2026-02-21 16:15:26.101927	f	\N	Mozilla/5.0 (Macintosh; Intel Mac OS X 10_15_7) AppleWebKit/537.36 (KHTML, like Gecko) Chrome/145.0.0.0 Safari/537.36	6
20	2026-02-22 00:59:05.857996	\N	192.168.1.14	2026-02-22 00:59:05.857996	f	\N	Mozilla/5.0 (Macintosh; Intel Mac OS X 10_15_7) AppleWebKit/537.36 (KHTML, like Gecko) Chrome/145.0.0.0 Safari/537.36	6
21	2026-02-22 01:01:41.644611	\N	192.168.1.14	2026-02-22 01:01:41.644611	f	\N	Mozilla/5.0 (Linux; Android 6.0; Nexus 5 Build/MRA58N) AppleWebKit/537.36 (KHTML, like Gecko) Chrome/145.0.0.0 Mobile Safari/537.36	6
28	2026-02-22 13:11:04.175009	\N	192.168.1.14	2026-02-22 13:11:04.175009	f	\N	Mozilla/5.0 (Macintosh; Intel Mac OS X 10_15_7) AppleWebKit/537.36 (KHTML, like Gecko) Chrome/145.0.0.0 Safari/537.36	6
29	2026-02-22 14:44:35.913702	\N	192.168.1.14	2026-02-22 14:44:35.913702	f	\N	Mozilla/5.0 (Macintosh; Intel Mac OS X 10_15_7) AppleWebKit/537.36 (KHTML, like Gecko) Chrome/145.0.0.0 Safari/537.36	6
30	2026-02-22 14:48:59.671819	\N	192.168.1.14	2026-02-22 14:48:59.671819	f	\N	Mozilla/5.0 (Linux; Android 6.0; Nexus 5 Build/MRA58N) AppleWebKit/537.36 (KHTML, like Gecko) Chrome/145.0.0.0 Mobile Safari/537.36	6
31	2026-02-22 14:52:23.832383	\N	192.168.1.14	2026-02-22 14:52:23.832383	f	\N	Mozilla/5.0 (Macintosh; Intel Mac OS X 10_15_7) AppleWebKit/537.36 (KHTML, like Gecko) Chrome/145.0.0.0 Safari/537.36	6
32	2026-02-23 15:57:13.080097	\N	192.168.1.14	2026-02-23 15:57:13.080097	f	\N	Mozilla/5.0 (Macintosh; Intel Mac OS X 10_15_7) AppleWebKit/537.36 (KHTML, like Gecko) Chrome/145.0.0.0 Safari/537.36	6
33	2026-02-24 01:07:21.838651	\N	192.168.1.14	2026-02-24 01:07:21.838651	f	\N	Mozilla/5.0 (Macintosh; Intel Mac OS X 10_15_7) AppleWebKit/537.36 (KHTML, like Gecko) Chrome/145.0.0.0 Safari/537.36	6
34	2026-02-24 01:11:32.123869	\N	192.168.1.14	2026-02-24 01:11:32.123869	f	\N	Mozilla/5.0 (Macintosh; Intel Mac OS X 10_15_7) AppleWebKit/537.36 (KHTML, like Gecko) Chrome/145.0.0.0 Safari/537.36	6
35	2026-02-24 01:19:04.365307	\N	192.168.1.14	2026-02-24 01:19:04.365307	f	\N	Mozilla/5.0 (Macintosh; Intel Mac OS X 10_15_7) AppleWebKit/537.36 (KHTML, like Gecko) Chrome/145.0.0.0 Safari/537.36	6
36	2026-02-24 01:28:32.908522	\N	192.168.1.14	2026-02-24 01:28:32.908522	f	\N	Mozilla/5.0 (Macintosh; Intel Mac OS X 10_15_7) AppleWebKit/537.36 (KHTML, like Gecko) Chrome/145.0.0.0 Safari/537.36	6
37	2026-02-24 01:40:31.201348	\N	192.168.1.14	2026-02-24 01:40:31.201348	f	\N	Mozilla/5.0 (Macintosh; Intel Mac OS X 10_15_7) AppleWebKit/537.36 (KHTML, like Gecko) Chrome/145.0.0.0 Safari/537.36	6
38	2026-02-24 02:19:37.230561	3bb7f696-7921-4d4b-8ba2-228593f22475	192.168.1.14	2026-02-24 02:19:37.230561	f	\N	Mozilla/5.0 (Macintosh; Intel Mac OS X 10_15_7) AppleWebKit/537.36 (KHTML, like Gecko) Chrome/145.0.0.0 Safari/537.36	7
39	2026-02-24 14:29:58.210974	\N	192.168.1.14	2026-02-24 16:36:57.265756	t	2026-02-24 16:36:57.265247	Mozilla/5.0 (Macintosh; Intel Mac OS X 10_15_7) AppleWebKit/537.36 (KHTML, like Gecko) Chrome/145.0.0.0 Safari/537.36	6
40	2026-02-24 16:37:02.41433	\N	192.168.1.14	2026-02-24 16:37:02.41433	f	\N	Mozilla/5.0 (Macintosh; Intel Mac OS X 10_15_7) AppleWebKit/537.36 (KHTML, like Gecko) Chrome/145.0.0.0 Safari/537.36	6
41	2026-02-24 20:33:34.743645	\N	192.168.1.14	2026-02-24 20:33:34.743645	f	\N	Mozilla/5.0 (Macintosh; Intel Mac OS X 10_15_7) AppleWebKit/537.36 (KHTML, like Gecko) Chrome/145.0.0.0 Safari/537.36	6
42	2026-02-25 01:16:32.739901	\N	192.168.1.14	2026-02-25 01:16:32.739901	f	\N	Mozilla/5.0 (Macintosh; Intel Mac OS X 10_15_7) AppleWebKit/537.36 (KHTML, like Gecko) Chrome/145.0.0.0 Safari/537.36	6
43	2026-02-25 01:51:51.720665	\N	192.168.1.14	2026-02-25 01:51:51.720665	f	\N	Mozilla/5.0 (Macintosh; Intel Mac OS X 10_15_7) AppleWebKit/537.36 (KHTML, like Gecko) Chrome/145.0.0.0 Safari/537.36	6
44	2026-02-25 02:02:20.891399	\N	192.168.1.14	2026-02-25 02:02:20.891399	f	\N	Mozilla/5.0 (Macintosh; Intel Mac OS X 10_15_7) AppleWebKit/537.36 (KHTML, like Gecko) Chrome/145.0.0.0 Safari/537.36	6
45	2026-02-25 02:12:20.321996	\N	192.168.1.14	2026-02-25 02:13:09.04099	t	2026-02-25 02:13:09.040496	Mozilla/5.0 (Macintosh; Intel Mac OS X 10_15_7) AppleWebKit/537.36 (KHTML, like Gecko) Chrome/145.0.0.0 Safari/537.36	6
46	2026-02-25 02:32:03.422928	\N	192.168.1.14	2026-02-25 02:32:03.422928	f	\N	Mozilla/5.0 (Macintosh; Intel Mac OS X 10_15_7) AppleWebKit/537.36 (KHTML, like Gecko) Chrome/145.0.0.0 Safari/537.36	6
47	2026-02-25 02:54:46.351396	\N	192.168.1.14	2026-02-25 02:54:46.351396	f	\N	Mozilla/5.0 (Macintosh; Intel Mac OS X 10_15_7) AppleWebKit/537.36 (KHTML, like Gecko) Chrome/145.0.0.0 Safari/537.36	6
48	2026-02-25 03:31:12.673431	\N	192.168.1.14	2026-02-25 03:31:12.673431	f	\N	Mozilla/5.0 (Macintosh; Intel Mac OS X 10_15_7) AppleWebKit/537.36 (KHTML, like Gecko) Chrome/145.0.0.0 Safari/537.36	6
62	2026-03-02 14:46:54.468385	\N	192.168.1.14	2026-03-02 14:52:13.586506	t	2026-03-02 14:52:13.586256	Mozilla/5.0 (Macintosh; Intel Mac OS X 10_15_7) AppleWebKit/537.36 (KHTML, like Gecko) Chrome/145.0.0.0 Safari/537.36	6
49	2026-02-25 03:33:58.529227	\N	192.168.1.14	2026-02-25 03:35:00.972355	t	2026-02-25 03:35:00.971998	Mozilla/5.0 (Macintosh; Intel Mac OS X 10_15_7) AppleWebKit/537.36 (KHTML, like Gecko) Chrome/145.0.0.0 Safari/537.36	6
63	2026-03-02 14:52:18.276992	\N	192.168.1.14	2026-03-02 14:52:18.276992	f	\N	Mozilla/5.0 (Macintosh; Intel Mac OS X 10_15_7) AppleWebKit/537.36 (KHTML, like Gecko) Chrome/145.0.0.0 Safari/537.36	6
50	2026-02-25 03:35:27.939479	080f85b3-ad95-4e81-8f83-16f7fa62f4ae	192.168.1.14	2026-02-25 03:40:52.804107	t	2026-02-25 03:40:52.803572	Mozilla/5.0 (Macintosh; Intel Mac OS X 10_15_7) AppleWebKit/537.36 (KHTML, like Gecko) Chrome/145.0.0.0 Safari/537.36	8
51	2026-02-25 03:41:01.526751	\N	192.168.1.14	2026-02-25 03:41:01.526751	f	\N	Mozilla/5.0 (Macintosh; Intel Mac OS X 10_15_7) AppleWebKit/537.36 (KHTML, like Gecko) Chrome/145.0.0.0 Safari/537.36	6
64	2026-03-02 15:06:06.659928	\N	192.168.1.14	2026-03-02 15:06:06.659928	f	\N	Mozilla/5.0 (Macintosh; Intel Mac OS X 10_15_7) AppleWebKit/537.36 (KHTML, like Gecko) Chrome/145.0.0.0 Safari/537.36	6
52	2026-02-25 03:43:53.914069	080f85b3-ad95-4e81-8f83-16f7fa62f4ae	192.168.1.14	2026-02-25 03:44:08.709969	t	2026-02-25 03:44:08.709348	Mozilla/5.0 (Macintosh; Intel Mac OS X 10_15_7) AppleWebKit/537.36 (KHTML, like Gecko) Chrome/145.0.0.0 Safari/537.36	8
65	2026-03-02 16:14:32.319752	\N	192.168.1.14	2026-03-02 16:14:32.319752	f	\N	Mozilla/5.0 (Macintosh; Intel Mac OS X 10_15_7) AppleWebKit/537.36 (KHTML, like Gecko) Chrome/145.0.0.0 Safari/537.36	6
53	2026-02-27 21:49:40.192702	\N	192.168.1.14	2026-02-27 21:56:28.805884	t	2026-02-27 21:56:28.804412	Mozilla/5.0 (Macintosh; Intel Mac OS X 10_15_7) AppleWebKit/537.36 (KHTML, like Gecko) Chrome/145.0.0.0 Safari/537.36	6
54	2026-02-27 21:56:37.062658	\N	192.168.1.14	2026-02-27 21:56:37.062658	f	\N	Mozilla/5.0 (Macintosh; Intel Mac OS X 10_15_7) AppleWebKit/537.36 (KHTML, like Gecko) Chrome/145.0.0.0 Safari/537.36	6
55	2026-02-27 21:59:58.955867	\N	192.168.1.14	2026-02-27 21:59:58.955867	f	\N	Mozilla/5.0 (Macintosh; Intel Mac OS X 10_15_7) AppleWebKit/537.36 (KHTML, like Gecko) Chrome/145.0.0.0 Safari/537.36	6
56	2026-02-28 22:52:54.236937	\N	192.168.1.14	2026-02-28 22:52:54.236937	f	\N	Mozilla/5.0 (Macintosh; Intel Mac OS X 10_15_7) AppleWebKit/537.36 (KHTML, like Gecko) Chrome/145.0.0.0 Safari/537.36	6
57	2026-03-01 00:14:23.245326	\N	192.168.1.14	2026-03-01 00:14:23.245326	f	\N	Mozilla/5.0 (Macintosh; Intel Mac OS X 10_15_7) AppleWebKit/537.36 (KHTML, like Gecko) Chrome/145.0.0.0 Safari/537.36	6
58	2026-03-01 00:17:03.635812	\N	192.168.1.14	2026-03-01 00:17:03.635812	f	\N	Mozilla/5.0 (Macintosh; Intel Mac OS X 10_15_7) AppleWebKit/537.36 (KHTML, like Gecko) Chrome/145.0.0.0 Safari/537.36	6
59	2026-03-01 00:18:34.924204	\N	192.168.1.14	2026-03-01 00:18:34.924204	f	\N	Mozilla/5.0 (Macintosh; Intel Mac OS X 10_15_7) AppleWebKit/537.36 (KHTML, like Gecko) Chrome/145.0.0.0 Safari/537.36	6
60	2026-03-01 14:37:19.958225	\N	192.168.1.14	2026-03-01 14:37:19.958225	f	\N	Mozilla/5.0 (Macintosh; Intel Mac OS X 10_15_7) AppleWebKit/537.36 (KHTML, like Gecko) Chrome/145.0.0.0 Safari/537.36	6
61	2026-03-01 16:33:33.709911	\N	192.168.1.14	2026-03-01 16:33:33.709911	f	\N	Mozilla/5.0 (Macintosh; Intel Mac OS X 10_15_7) AppleWebKit/537.36 (KHTML, like Gecko) Chrome/145.0.0.0 Safari/537.36	6
66	2026-03-02 16:22:43.253598	\N	192.168.1.14	2026-03-02 16:22:43.253598	f	\N	Mozilla/5.0 (Macintosh; Intel Mac OS X 10_15_7) AppleWebKit/537.36 (KHTML, like Gecko) Chrome/145.0.0.0 Safari/537.36	6
67	2026-03-02 16:32:08.496751	\N	192.168.1.14	2026-03-02 16:32:08.496751	f	\N	Mozilla/5.0 (Macintosh; Intel Mac OS X 10_15_7) AppleWebKit/537.36 (KHTML, like Gecko) Chrome/145.0.0.0 Safari/537.36	6
68	2026-03-03 13:06:45.516525	\N	192.168.1.14	2026-03-03 13:06:45.516525	f	\N	Mozilla/5.0 (Macintosh; Intel Mac OS X 10_15_7) AppleWebKit/537.36 (KHTML, like Gecko) Chrome/145.0.0.0 Safari/537.36	6
69	2026-03-03 13:16:02.675265	\N	192.168.1.14	2026-03-03 13:16:02.675265	f	\N	Mozilla/5.0 (Macintosh; Intel Mac OS X 10_15_7) AppleWebKit/537.36 (KHTML, like Gecko) Chrome/145.0.0.0 Safari/537.36	6
70	2026-03-03 14:21:50.229319	\N	192.168.1.14	2026-03-03 14:21:50.229319	f	\N	Mozilla/5.0 (Macintosh; Intel Mac OS X 10_15_7) AppleWebKit/537.36 (KHTML, like Gecko) Chrome/145.0.0.0 Safari/537.36	6
71	2026-03-03 16:25:01.966531	\N	192.168.1.14	2026-03-03 16:25:01.966531	f	\N	Mozilla/5.0 (Macintosh; Intel Mac OS X 10_15_7) AppleWebKit/537.36 (KHTML, like Gecko) Chrome/145.0.0.0 Safari/537.36	6
72	2026-03-03 16:38:08.443644	\N	192.168.1.14	2026-03-03 16:38:08.443644	f	\N	Mozilla/5.0 (Macintosh; Intel Mac OS X 10_15_7) AppleWebKit/537.36 (KHTML, like Gecko) Chrome/145.0.0.0 Safari/537.36	6
73	2026-03-03 16:50:23.674562	\N	192.168.1.14	2026-03-03 16:50:23.674562	f	\N	Mozilla/5.0 (Macintosh; Intel Mac OS X 10_15_7) AppleWebKit/537.36 (KHTML, like Gecko) Chrome/145.0.0.0 Safari/537.36	6
74	2026-03-03 17:18:49.886252	\N	192.168.1.14	2026-03-03 17:18:49.886252	f	\N	Mozilla/5.0 (Macintosh; Intel Mac OS X 10_15_7) AppleWebKit/537.36 (KHTML, like Gecko) Chrome/145.0.0.0 Safari/537.36	6
75	2026-03-03 17:23:04.363488	\N	192.168.1.14	2026-03-03 17:23:04.363488	f	\N	Mozilla/5.0 (Macintosh; Intel Mac OS X 10_15_7) AppleWebKit/537.36 (KHTML, like Gecko) Chrome/145.0.0.0 Safari/537.36	6
76	2026-03-03 17:28:43.474443	\N	192.168.1.14	2026-03-03 17:28:43.474443	f	\N	Mozilla/5.0 (Macintosh; Intel Mac OS X 10_15_7) AppleWebKit/537.36 (KHTML, like Gecko) Chrome/145.0.0.0 Safari/537.36	6
105	2026-03-05 14:30:42.784609	\N	192.168.1.14	2026-03-05 14:31:14.97404	t	2026-03-05 14:31:14.973448	Mozilla/5.0 (Macintosh; Intel Mac OS X 10_15_7) AppleWebKit/537.36 (KHTML, like Gecko) Chrome/145.0.0.0 Safari/537.36	6
77	2026-03-04 00:58:06.655623	\N	192.168.1.14	2026-03-04 01:03:30.377332	t	2026-03-04 01:03:30.376957	Mozilla/5.0 (Macintosh; Intel Mac OS X 10_15_7) AppleWebKit/537.36 (KHTML, like Gecko) Chrome/145.0.0.0 Safari/537.36	6
78	2026-03-04 01:03:42.257295	\N	192.168.1.14	2026-03-04 01:03:42.257295	f	\N	Mozilla/5.0 (Macintosh; Intel Mac OS X 10_15_7) AppleWebKit/537.36 (KHTML, like Gecko) Chrome/145.0.0.0 Safari/537.36	6
79	2026-03-04 01:06:42.62348	\N	192.168.1.14	2026-03-04 01:06:42.62348	f	\N	Mozilla/5.0 (Macintosh; Intel Mac OS X 10_15_7) AppleWebKit/537.36 (KHTML, like Gecko) Chrome/145.0.0.0 Safari/537.36	6
80	2026-03-04 01:39:03.644333	\N	192.168.1.14	2026-03-04 01:39:03.644333	f	\N	Mozilla/5.0 (Macintosh; Intel Mac OS X 10_15_7) AppleWebKit/537.36 (KHTML, like Gecko) Chrome/145.0.0.0 Safari/537.36	6
81	2026-03-04 01:55:12.044754	\N	192.168.1.14	2026-03-04 01:55:12.044754	f	\N	Mozilla/5.0 (Macintosh; Intel Mac OS X 10_15_7) AppleWebKit/537.36 (KHTML, like Gecko) Chrome/145.0.0.0 Safari/537.36	6
82	2026-03-04 02:10:17.559043	\N	192.168.1.14	2026-03-04 02:10:17.559043	f	\N	Mozilla/5.0 (Macintosh; Intel Mac OS X 10_15_7) AppleWebKit/537.36 (KHTML, like Gecko) Chrome/145.0.0.0 Safari/537.36	6
106	2026-03-05 14:49:05.841227	\N	192.168.1.14	2026-03-05 14:49:05.841227	f	\N	Mozilla/5.0 (Macintosh; Intel Mac OS X 10_15_7) AppleWebKit/537.36 (KHTML, like Gecko) Chrome/145.0.0.0 Safari/537.36	6
83	2026-03-04 14:34:57.8478	\N	192.168.1.14	2026-03-04 14:51:33.386489	t	2026-03-04 14:51:33.386278	Mozilla/5.0 (Macintosh; Intel Mac OS X 10_15_7) AppleWebKit/537.36 (KHTML, like Gecko) Chrome/145.0.0.0 Safari/537.36	6
84	2026-03-04 14:51:39.880484	\N	192.168.1.14	2026-03-04 14:51:39.880484	f	\N	Mozilla/5.0 (Macintosh; Intel Mac OS X 10_15_7) AppleWebKit/537.36 (KHTML, like Gecko) Chrome/145.0.0.0 Safari/537.36	6
85	2026-03-04 14:57:24.263471	\N	192.168.1.14	2026-03-04 14:57:24.263471	f	\N	Mozilla/5.0 (Macintosh; Intel Mac OS X 10_15_7) AppleWebKit/537.36 (KHTML, like Gecko) Chrome/145.0.0.0 Safari/537.36	6
86	2026-03-04 14:59:02.726522	\N	192.168.1.14	2026-03-04 14:59:02.726522	f	\N	Mozilla/5.0 (Macintosh; Intel Mac OS X 10_15_7) AppleWebKit/537.36 (KHTML, like Gecko) Chrome/145.0.0.0 Safari/537.36	6
87	2026-03-04 15:47:04.152486	\N	192.168.1.14	2026-03-04 15:47:04.152486	f	\N	Mozilla/5.0 (Macintosh; Intel Mac OS X 10_15_7) AppleWebKit/537.36 (KHTML, like Gecko) Chrome/145.0.0.0 Safari/537.36	6
88	2026-03-04 15:51:05.854845	\N	192.168.1.14	2026-03-04 15:51:05.854845	f	\N	Mozilla/5.0 (Macintosh; Intel Mac OS X 10_15_7) AppleWebKit/537.36 (KHTML, like Gecko) Chrome/145.0.0.0 Safari/537.36	6
89	2026-03-04 15:56:06.556002	\N	192.168.1.14	2026-03-04 15:56:06.556002	f	\N	Mozilla/5.0 (Macintosh; Intel Mac OS X 10_15_7) AppleWebKit/537.36 (KHTML, like Gecko) Chrome/145.0.0.0 Safari/537.36	6
90	2026-03-04 16:03:39.666558	\N	192.168.1.14	2026-03-04 16:03:39.666558	f	\N	Mozilla/5.0 (Macintosh; Intel Mac OS X 10_15_7) AppleWebKit/537.36 (KHTML, like Gecko) Chrome/145.0.0.0 Safari/537.36	6
91	2026-03-04 16:16:16.630431	\N	192.168.1.14	2026-03-04 16:16:16.630431	f	\N	Mozilla/5.0 (Linux; Android 6.0; Nexus 5 Build/MRA58N) AppleWebKit/537.36 (KHTML, like Gecko) Chrome/145.0.0.0 Mobile Safari/537.36	6
92	2026-03-04 16:31:54.429301	\N	192.168.1.14	2026-03-04 16:31:54.429301	f	\N	Mozilla/5.0 (Macintosh; Intel Mac OS X 10_15_7) AppleWebKit/537.36 (KHTML, like Gecko) Chrome/145.0.0.0 Safari/537.36	6
93	2026-03-04 16:41:53.586786	\N	192.168.1.14	2026-03-04 16:41:53.586786	f	\N	Mozilla/5.0 (Macintosh; Intel Mac OS X 10_15_7) AppleWebKit/537.36 (KHTML, like Gecko) Chrome/145.0.0.0 Safari/537.36	6
94	2026-03-04 16:44:09.768867	\N	192.168.1.14	2026-03-04 16:44:09.768867	f	\N	Mozilla/5.0 (Macintosh; Intel Mac OS X 10_15_7) AppleWebKit/537.36 (KHTML, like Gecko) Chrome/145.0.0.0 Safari/537.36	6
95	2026-03-04 23:28:32.564681	\N	192.168.1.14	2026-03-04 23:28:32.564681	f	\N	Mozilla/5.0 (Macintosh; Intel Mac OS X 10_15_7) AppleWebKit/537.36 (KHTML, like Gecko) Chrome/145.0.0.0 Safari/537.36	6
96	2026-03-04 23:38:04.418867	\N	192.168.1.14	2026-03-04 23:38:04.418867	f	\N	Mozilla/5.0 (Macintosh; Intel Mac OS X 10_15_7) AppleWebKit/537.36 (KHTML, like Gecko) Chrome/145.0.0.0 Safari/537.36	6
97	2026-03-04 23:40:43.977944	\N	192.168.1.14	2026-03-04 23:40:43.977944	f	\N	Mozilla/5.0 (Macintosh; Intel Mac OS X 10_15_7) AppleWebKit/537.36 (KHTML, like Gecko) Chrome/145.0.0.0 Safari/537.36	6
98	2026-03-04 23:47:36.234615	\N	192.168.1.14	2026-03-04 23:47:36.234615	f	\N	Mozilla/5.0 (Macintosh; Intel Mac OS X 10_15_7) AppleWebKit/537.36 (KHTML, like Gecko) Chrome/145.0.0.0 Safari/537.36	6
99	2026-03-04 23:59:24.657073	\N	192.168.1.14	2026-03-04 23:59:24.657073	f	\N	Mozilla/5.0 (Macintosh; Intel Mac OS X 10_15_7) AppleWebKit/537.36 (KHTML, like Gecko) Chrome/145.0.0.0 Safari/537.36	6
100	2026-03-05 00:59:36.779888	\N	192.168.1.14	2026-03-05 00:59:36.779888	f	\N	Mozilla/5.0 (Macintosh; Intel Mac OS X 10_15_7) AppleWebKit/537.36 (KHTML, like Gecko) Chrome/145.0.0.0 Safari/537.36	6
101	2026-03-05 01:01:00.074672	\N	192.168.1.14	2026-03-05 01:01:00.074672	f	\N	Mozilla/5.0 (Macintosh; Intel Mac OS X 10_15_7) AppleWebKit/537.36 (KHTML, like Gecko) Chrome/145.0.0.0 Safari/537.36	6
102	2026-03-05 01:23:32.913861	\N	192.168.1.14	2026-03-05 01:23:32.913861	f	\N	Mozilla/5.0 (Macintosh; Intel Mac OS X 10_15_7) AppleWebKit/537.36 (KHTML, like Gecko) Chrome/145.0.0.0 Safari/537.36	6
103	2026-03-05 01:40:51.0417	\N	192.168.1.14	2026-03-05 01:40:51.0417	f	\N	Mozilla/5.0 (Macintosh; Intel Mac OS X 10_15_7) AppleWebKit/537.36 (KHTML, like Gecko) Chrome/145.0.0.0 Safari/537.36	6
104	2026-03-05 01:43:53.149663	\N	192.168.1.14	2026-03-05 01:43:53.149663	f	\N	Mozilla/5.0 (Macintosh; Intel Mac OS X 10_15_7) AppleWebKit/537.36 (KHTML, like Gecko) Chrome/145.0.0.0 Safari/537.36	6
110	2026-03-06 01:36:22.765872	\N	192.168.1.14	2026-03-06 01:36:22.765872	f	\N	Mozilla/5.0 (Macintosh; Intel Mac OS X 10_15_7) AppleWebKit/537.36 (KHTML, like Gecko) Chrome/145.0.0.0 Safari/537.36	6
107	2026-03-05 14:58:43.022347	\N	192.168.1.14	2026-03-05 14:58:43.022347	f	\N	Mozilla/5.0 (Macintosh; Intel Mac OS X 10_15_7) AppleWebKit/537.36 (KHTML, like Gecko) Chrome/145.0.0.0 Safari/537.36	6
108	2026-03-05 18:14:53.404019	\N	192.168.1.14	2026-03-05 18:14:53.404019	f	\N	Mozilla/5.0 (Macintosh; Intel Mac OS X 10_15_7) AppleWebKit/537.36 (KHTML, like Gecko) Chrome/145.0.0.0 Safari/537.36	6
109	2026-03-06 00:31:14.014685	\N	192.168.1.14	2026-03-06 00:31:14.014685	f	\N	Mozilla/5.0 (Macintosh; Intel Mac OS X 10_15_7) AppleWebKit/537.36 (KHTML, like Gecko) Chrome/145.0.0.0 Safari/537.36	6
111	2026-03-06 01:41:12.178801	\N	192.168.1.14	2026-03-06 01:41:12.178801	f	\N	Mozilla/5.0 (Linux; Android 6.0; Nexus 5 Build/MRA58N) AppleWebKit/537.36 (KHTML, like Gecko) Chrome/145.0.0.0 Mobile Safari/537.36	6
112	2026-03-06 01:48:13.489725	\N	192.168.1.14	2026-03-06 01:48:13.489725	f	\N	Mozilla/5.0 (Macintosh; Intel Mac OS X 10_15_7) AppleWebKit/537.36 (KHTML, like Gecko) Chrome/145.0.0.0 Safari/537.36	6
113	2026-03-06 01:52:13.694441	\N	192.168.1.14	2026-03-06 01:52:13.694441	f	\N	Mozilla/5.0 (Macintosh; Intel Mac OS X 10_15_7) AppleWebKit/537.36 (KHTML, like Gecko) Chrome/145.0.0.0 Safari/537.36	6
114	2026-03-06 01:56:43.968883	\N	192.168.1.14	2026-03-06 01:56:43.968883	f	\N	Mozilla/5.0 (Macintosh; Intel Mac OS X 10_15_7) AppleWebKit/537.36 (KHTML, like Gecko) Chrome/145.0.0.0 Safari/537.36	6
115	2026-03-06 02:08:06.822115	\N	192.168.1.14	2026-03-06 02:08:06.822115	f	\N	Mozilla/5.0 (Macintosh; Intel Mac OS X 10_15_7) AppleWebKit/537.36 (KHTML, like Gecko) Chrome/145.0.0.0 Safari/537.36	6
116	2026-03-09 15:17:15.762738	\N	192.168.1.14	2026-03-09 15:17:15.762738	f	\N	Mozilla/5.0 (Macintosh; Intel Mac OS X 10_15_7) AppleWebKit/537.36 (KHTML, like Gecko) Chrome/145.0.0.0 Safari/537.36	6
117	2026-03-09 15:34:16.803913	\N	192.168.1.14	2026-03-09 15:34:16.803913	f	\N	Mozilla/5.0 (Macintosh; Intel Mac OS X 10_15_7) AppleWebKit/537.36 (KHTML, like Gecko) Chrome/145.0.0.0 Safari/537.36	6
118	2026-03-09 17:10:54.556234	\N	192.168.1.14	2026-03-09 17:10:54.556234	f	\N	Mozilla/5.0 (Macintosh; Intel Mac OS X 10_15_7) AppleWebKit/537.36 (KHTML, like Gecko) Chrome/145.0.0.0 Safari/537.36	6
119	2026-03-09 17:18:03.844443	\N	192.168.1.14	2026-03-09 17:18:03.844443	f	\N	Mozilla/5.0 (Macintosh; Intel Mac OS X 10_15_7) AppleWebKit/537.36 (KHTML, like Gecko) Chrome/145.0.0.0 Safari/537.36	6
120	2026-03-09 17:20:00.359462	\N	192.168.1.14	2026-03-09 17:20:00.359462	f	\N	Mozilla/5.0 (Macintosh; Intel Mac OS X 10_15_7) AppleWebKit/537.36 (KHTML, like Gecko) Chrome/145.0.0.0 Safari/537.36	6
121	2026-03-09 17:22:49.155977	\N	192.168.1.14	2026-03-09 17:22:49.155977	f	\N	Mozilla/5.0 (Macintosh; Intel Mac OS X 10_15_7) AppleWebKit/537.36 (KHTML, like Gecko) Chrome/145.0.0.0 Safari/537.36	6
122	2026-03-09 20:00:25.711813	\N	192.168.1.14	2026-03-09 20:00:25.711813	f	\N	Mozilla/5.0 (Macintosh; Intel Mac OS X 10_15_7) AppleWebKit/537.36 (KHTML, like Gecko) Chrome/145.0.0.0 Safari/537.36	6
123	2026-03-09 20:05:40.387102	\N	192.168.1.14	2026-03-09 20:05:40.387102	f	\N	Mozilla/5.0 (Macintosh; Intel Mac OS X 10_15_7) AppleWebKit/537.36 (KHTML, like Gecko) Chrome/145.0.0.0 Safari/537.36	6
124	2026-03-09 20:14:33.436759	\N	192.168.1.14	2026-03-09 20:22:11.573348	t	2026-03-09 20:22:11.572587	Mozilla/5.0 (Macintosh; Intel Mac OS X 10_15_7) AppleWebKit/537.36 (KHTML, like Gecko) Chrome/145.0.0.0 Safari/537.36	6
125	2026-03-09 20:24:54.351609	\N	192.168.1.14	2026-03-09 20:24:54.351609	f	\N	Mozilla/5.0 (Macintosh; Intel Mac OS X 10_15_7) AppleWebKit/537.36 (KHTML, like Gecko) Chrome/145.0.0.0 Safari/537.36	6
126	2026-03-09 20:30:27.09051	\N	192.168.1.14	2026-03-09 20:30:27.09051	f	\N	Mozilla/5.0 (Macintosh; Intel Mac OS X 10_15_7) AppleWebKit/537.36 (KHTML, like Gecko) Chrome/145.0.0.0 Safari/537.36	6
127	2026-03-09 21:06:57.232814	\N	192.168.1.14	2026-03-09 21:06:57.232814	f	\N	Mozilla/5.0 (Macintosh; Intel Mac OS X 10_15_7) AppleWebKit/537.36 (KHTML, like Gecko) Chrome/145.0.0.0 Safari/537.36	6
128	2026-03-09 22:03:04.80158	\N	192.168.1.14	2026-03-09 22:03:04.80158	f	\N	Mozilla/5.0 (Macintosh; Intel Mac OS X 10_15_7) AppleWebKit/537.36 (KHTML, like Gecko) Chrome/145.0.0.0 Safari/537.36	6
129	2026-03-09 22:24:31.260481	\N	192.168.1.14	2026-03-09 22:24:31.260481	f	\N	Mozilla/5.0 (Macintosh; Intel Mac OS X 10_15_7) AppleWebKit/537.36 (KHTML, like Gecko) Chrome/145.0.0.0 Safari/537.36	6
130	2026-03-09 22:26:26.432296	\N	192.168.1.14	2026-03-09 22:26:26.432296	f	\N	Mozilla/5.0 (Macintosh; Intel Mac OS X 10_15_7) AppleWebKit/537.36 (KHTML, like Gecko) Chrome/145.0.0.0 Safari/537.36	6
131	2026-03-09 22:27:36.987064	\N	192.168.1.14	2026-03-09 22:27:36.987064	f	\N	Mozilla/5.0 (Macintosh; Intel Mac OS X 10_15_7) AppleWebKit/537.36 (KHTML, like Gecko) Chrome/145.0.0.0 Safari/537.36	6
132	2026-03-10 01:55:39.807048	\N	192.168.1.14	2026-03-10 01:56:43.797199	t	2026-03-10 01:56:43.796542	Mozilla/5.0 (Macintosh; Intel Mac OS X 10_15_7) AppleWebKit/537.36 (KHTML, like Gecko) Chrome/145.0.0.0 Safari/537.36	6
133	2026-03-10 01:57:08.18551	\N	192.168.1.14	2026-03-10 01:57:08.18551	f	\N	Mozilla/5.0 (Macintosh; Intel Mac OS X 10_15_7) AppleWebKit/537.36 (KHTML, like Gecko) Chrome/145.0.0.0 Safari/537.36	6
134	2026-03-10 02:00:36.785269	\N	192.168.1.14	2026-03-10 02:00:36.785269	f	\N	Mozilla/5.0 (Macintosh; Intel Mac OS X 10_15_7) AppleWebKit/537.36 (KHTML, like Gecko) Chrome/145.0.0.0 Safari/537.36	6
135	2026-03-10 02:02:43.713269	\N	192.168.1.14	2026-03-10 02:02:43.713269	f	\N	Mozilla/5.0 (Macintosh; Intel Mac OS X 10_15_7) AppleWebKit/537.36 (KHTML, like Gecko) Chrome/145.0.0.0 Safari/537.36	6
136	2026-03-10 02:07:34.205751	\N	192.168.1.14	2026-03-10 02:07:34.205751	f	\N	Mozilla/5.0 (Macintosh; Intel Mac OS X 10_15_7) AppleWebKit/537.36 (KHTML, like Gecko) Chrome/145.0.0.0 Safari/537.36	6
137	2026-03-10 02:09:44.116775	\N	192.168.1.14	2026-03-10 02:09:44.116775	f	\N	Mozilla/5.0 (Macintosh; Intel Mac OS X 10_15_7) AppleWebKit/537.36 (KHTML, like Gecko) Chrome/145.0.0.0 Safari/537.36	6
138	2026-03-10 02:12:43.043038	\N	192.168.1.14	2026-03-10 02:12:43.043038	f	\N	Mozilla/5.0 (Macintosh; Intel Mac OS X 10_15_7) AppleWebKit/537.36 (KHTML, like Gecko) Chrome/145.0.0.0 Safari/537.36	6
139	2026-03-10 02:16:32.972673	\N	192.168.1.14	2026-03-10 02:16:32.972673	f	\N	Mozilla/5.0 (Macintosh; Intel Mac OS X 10_15_7) AppleWebKit/537.36 (KHTML, like Gecko) Chrome/145.0.0.0 Safari/537.36	6
140	2026-03-10 02:26:50.298076	\N	192.168.1.14	2026-03-10 02:26:50.298076	f	\N	Mozilla/5.0 (Macintosh; Intel Mac OS X 10_15_7) AppleWebKit/537.36 (KHTML, like Gecko) Chrome/145.0.0.0 Safari/537.36	6
141	2026-03-10 02:48:21.321325	\N	192.168.1.14	2026-03-10 02:48:21.321325	f	\N	Mozilla/5.0 (Macintosh; Intel Mac OS X 10_15_7) AppleWebKit/537.36 (KHTML, like Gecko) Chrome/145.0.0.0 Safari/537.36	6
142	2026-03-10 16:38:14.995527	\N	192.168.1.14	2026-03-10 16:38:14.995527	f	\N	Mozilla/5.0 (Macintosh; Intel Mac OS X 10_15_7) AppleWebKit/537.36 (KHTML, like Gecko) Chrome/145.0.0.0 Safari/537.36	6
143	2026-03-10 16:58:21.875425	\N	192.168.1.14	2026-03-10 16:58:21.875425	f	\N	Mozilla/5.0 (Macintosh; Intel Mac OS X 10_15_7) AppleWebKit/537.36 (KHTML, like Gecko) Chrome/145.0.0.0 Safari/537.36	6
144	2026-03-10 17:07:49.599616	\N	192.168.1.14	2026-03-10 17:07:49.599616	f	\N	Mozilla/5.0 (Macintosh; Intel Mac OS X 10_15_7) AppleWebKit/537.36 (KHTML, like Gecko) Chrome/145.0.0.0 Safari/537.36	6
145	2026-03-10 21:01:22.283449	\N	192.168.1.14	2026-03-10 21:01:22.283449	f	\N	Mozilla/5.0 (Macintosh; Intel Mac OS X 10_15_7) AppleWebKit/537.36 (KHTML, like Gecko) Chrome/145.0.0.0 Safari/537.36	6
146	2026-03-10 22:04:07.873643	\N	192.168.1.14	2026-03-10 22:04:07.873643	f	\N	Mozilla/5.0 (Macintosh; Intel Mac OS X 10_15_7) AppleWebKit/537.36 (KHTML, like Gecko) Chrome/145.0.0.0 Safari/537.36	6
147	2026-03-10 22:30:59.355669	\N	192.168.1.14	2026-03-10 22:30:59.355669	f	\N	Mozilla/5.0 (Linux; Android 6.0; Nexus 5 Build/MRA58N) AppleWebKit/537.36 (KHTML, like Gecko) Chrome/145.0.0.0 Mobile Safari/537.36	6
148	2026-03-11 02:04:48.926354	\N	192.168.1.14	2026-03-11 02:04:48.926354	f	\N	Mozilla/5.0 (Macintosh; Intel Mac OS X 10_15_7) AppleWebKit/537.36 (KHTML, like Gecko) Chrome/145.0.0.0 Safari/537.36	6
149	2026-03-11 02:12:26.757352	\N	192.168.1.14	2026-03-11 02:12:26.757352	f	\N	Mozilla/5.0 (Macintosh; Intel Mac OS X 10_15_7) AppleWebKit/537.36 (KHTML, like Gecko) Chrome/145.0.0.0 Safari/537.36	6
150	2026-03-11 02:13:06.405504	\N	192.168.1.14	2026-03-11 02:13:06.405504	f	\N	Mozilla/5.0 (Macintosh; Intel Mac OS X 10_15_7) AppleWebKit/537.36 (KHTML, like Gecko) Chrome/145.0.0.0 Safari/537.36	6
151	2026-03-11 02:35:10.140326	\N	192.168.1.14	2026-03-11 02:35:10.140326	f	\N	Mozilla/5.0 (Macintosh; Intel Mac OS X 10_15_7) AppleWebKit/537.36 (KHTML, like Gecko) Chrome/145.0.0.0 Safari/537.36	6
152	2026-03-11 02:39:35.085367	\N	192.168.1.14	2026-03-11 02:39:35.085367	f	\N	Mozilla/5.0 (Macintosh; Intel Mac OS X 10_15_7) AppleWebKit/537.36 (KHTML, like Gecko) Chrome/145.0.0.0 Safari/537.36	6
153	2026-03-11 02:41:39.07284	\N	192.168.1.14	2026-03-11 02:41:39.07284	f	\N	Mozilla/5.0 (Macintosh; Intel Mac OS X 10_15_7) AppleWebKit/537.36 (KHTML, like Gecko) Chrome/145.0.0.0 Safari/537.36	6
154	2026-03-11 02:48:33.046728	\N	192.168.1.14	2026-03-11 02:48:33.046728	f	\N	Mozilla/5.0 (Macintosh; Intel Mac OS X 10_15_7) AppleWebKit/537.36 (KHTML, like Gecko) Chrome/145.0.0.0 Safari/537.36	6
155	2026-03-11 04:17:05.586248	\N	192.168.1.14	2026-03-11 04:17:05.586248	f	\N	Mozilla/5.0 (Macintosh; Intel Mac OS X 10_15_7) AppleWebKit/537.36 (KHTML, like Gecko) Chrome/145.0.0.0 Safari/537.36	6
156	2026-03-11 04:17:48.70759	\N	192.168.1.14	2026-03-11 04:17:48.70759	f	\N	Mozilla/5.0 (Macintosh; Intel Mac OS X 10_15_7) AppleWebKit/537.36 (KHTML, like Gecko) Chrome/145.0.0.0 Safari/537.36	6
157	2026-03-11 04:23:16.385168	\N	192.168.1.14	2026-03-11 04:23:16.385168	f	\N	Mozilla/5.0 (Macintosh; Intel Mac OS X 10_15_7) AppleWebKit/537.36 (KHTML, like Gecko) Chrome/145.0.0.0 Safari/537.36	6
158	2026-03-11 05:01:02.190744	\N	192.168.1.14	2026-03-11 05:01:02.190744	f	\N	Mozilla/5.0 (Macintosh; Intel Mac OS X 10_15_7) AppleWebKit/537.36 (KHTML, like Gecko) Chrome/145.0.0.0 Safari/537.36	6
159	2026-03-11 17:57:50.030568	\N	192.168.1.14	2026-03-11 17:58:26.16156	t	2026-03-11 17:58:26.161074	Mozilla/5.0 (Macintosh; Intel Mac OS X 10_15_7) AppleWebKit/537.36 (KHTML, like Gecko) Chrome/145.0.0.0 Safari/537.36	6
160	2026-03-11 17:59:25.697908	080f85b3-ad95-4e81-8f83-16f7fa62f4ae	192.168.1.14	2026-03-11 17:59:25.697908	f	\N	Mozilla/5.0 (Macintosh; Intel Mac OS X 10_15_7) AppleWebKit/537.36 (KHTML, like Gecko) Chrome/145.0.0.0 Safari/537.36	7
7	2026-02-21 00:33:45.431502	080f85b3-ad95-4e81-8f83-16f7fa62f4ae	192.168.1.14	2026-03-11 17:59:25.720564	t	2026-03-11 17:59:25.697806	Mozilla/5.0 (Macintosh; Intel Mac OS X 10_15_7) AppleWebKit/537.36 (KHTML, like Gecko) Chrome/145.0.0.0 Safari/537.36	7
161	2026-03-11 21:16:08.687292	\N	192.168.1.14	2026-03-11 21:16:08.687292	f	\N	Mozilla/5.0 (Macintosh; Intel Mac OS X 10_15_7) AppleWebKit/537.36 (KHTML, like Gecko) Chrome/145.0.0.0 Safari/537.36	6
162	2026-03-11 23:54:27.467468	\N	192.168.1.14	2026-03-11 23:54:27.467468	f	\N	Mozilla/5.0 (Macintosh; Intel Mac OS X 10_15_7) AppleWebKit/537.36 (KHTML, like Gecko) Chrome/145.0.0.0 Safari/537.36	6
163	2026-03-12 03:14:21.647244	\N	192.168.1.14	2026-03-12 03:14:21.647244	f	\N	Mozilla/5.0 (Macintosh; Intel Mac OS X 10_15_7) AppleWebKit/537.36 (KHTML, like Gecko) Chrome/145.0.0.0 Safari/537.36	6
164	2026-03-12 04:32:19.616818	\N	192.168.1.14	2026-03-12 04:32:19.616818	f	\N	Mozilla/5.0 (Macintosh; Intel Mac OS X 10_15_7) AppleWebKit/537.36 (KHTML, like Gecko) Chrome/145.0.0.0 Safari/537.36	6
165	2026-03-12 16:04:53.486965	\N	192.168.1.14	2026-03-12 16:04:53.486965	f	\N	Mozilla/5.0 (Macintosh; Intel Mac OS X 10_15_7) AppleWebKit/537.36 (KHTML, like Gecko) Chrome/145.0.0.0 Safari/537.36	6
166	2026-03-12 16:09:26.12065	\N	192.168.1.14	2026-03-12 16:09:26.12065	f	\N	Mozilla/5.0 (Macintosh; Intel Mac OS X 10_15_7) AppleWebKit/537.36 (KHTML, like Gecko) Chrome/145.0.0.0 Safari/537.36	6
167	2026-03-12 16:45:54.75763	\N	192.168.1.14	2026-03-12 16:45:54.75763	f	\N	Mozilla/5.0 (Macintosh; Intel Mac OS X 10_15_7) AppleWebKit/537.36 (KHTML, like Gecko) Chrome/145.0.0.0 Safari/537.36	6
168	2026-03-12 17:46:37.325162	\N	192.168.1.14	2026-03-12 17:46:37.325162	f	\N	Mozilla/5.0 (Macintosh; Intel Mac OS X 10_15_7) AppleWebKit/537.36 (KHTML, like Gecko) Chrome/145.0.0.0 Safari/537.36	6
169	2026-03-12 17:53:00.805972	\N	192.168.1.14	2026-03-12 17:53:00.805972	f	\N	Mozilla/5.0 (Macintosh; Intel Mac OS X 10_15_7) AppleWebKit/537.36 (KHTML, like Gecko) Chrome/145.0.0.0 Safari/537.36	6
170	2026-03-12 22:15:10.377501	\N	192.168.1.14	2026-03-12 22:15:10.377501	f	\N	Mozilla/5.0 (Macintosh; Intel Mac OS X 10_15_7) AppleWebKit/537.36 (KHTML, like Gecko) Chrome/145.0.0.0 Safari/537.36	6
171	2026-03-13 00:22:41.377753	\N	192.168.1.14	2026-03-13 00:22:41.377753	f	\N	Mozilla/5.0 (Macintosh; Intel Mac OS X 10_15_7) AppleWebKit/537.36 (KHTML, like Gecko) Chrome/145.0.0.0 Safari/537.36	6
172	2026-03-13 15:46:39.388042	\N	192.168.1.14	2026-03-13 15:46:39.388042	f	\N	Mozilla/5.0 (Macintosh; Intel Mac OS X 10_15_7) AppleWebKit/537.36 (KHTML, like Gecko) Chrome/145.0.0.0 Safari/537.36	6
173	2026-03-13 16:04:28.885505	\N	192.168.1.14	2026-03-13 16:04:28.885505	f	\N	Mozilla/5.0 (Macintosh; Intel Mac OS X 10_15_7) AppleWebKit/537.36 (KHTML, like Gecko) Chrome/145.0.0.0 Safari/537.36	6
174	2026-03-13 16:10:31.824517	\N	192.168.1.14	2026-03-13 16:10:31.824517	f	\N	Mozilla/5.0 (Macintosh; Intel Mac OS X 10_15_7) AppleWebKit/537.36 (KHTML, like Gecko) Chrome/145.0.0.0 Safari/537.36	6
175	2026-03-13 19:09:19.189863	\N	192.168.1.20	2026-03-13 19:09:19.189863	f	\N	Mozilla/5.0 (Macintosh; Intel Mac OS X 10_15_7) AppleWebKit/537.36 (KHTML, like Gecko) Chrome/145.0.0.0 Safari/537.36	6
176	2026-03-13 19:20:31.569524	\N	192.168.1.20	2026-03-13 19:20:31.569524	f	\N	Mozilla/5.0 (Macintosh; Intel Mac OS X 10_15_7) AppleWebKit/537.36 (KHTML, like Gecko) Chrome/145.0.0.0 Safari/537.36	6
177	2026-03-13 20:02:24.735362	\N	192.168.1.20	2026-03-13 20:02:24.735362	f	\N	Mozilla/5.0 (Macintosh; Intel Mac OS X 10_15_7) AppleWebKit/537.36 (KHTML, like Gecko) Chrome/145.0.0.0 Safari/537.36	6
178	2026-03-14 02:10:05.553109	\N	192.168.1.20	2026-03-14 02:10:05.553109	f	\N	Mozilla/5.0 (Macintosh; Intel Mac OS X 10_15_7) AppleWebKit/537.36 (KHTML, like Gecko) Chrome/145.0.0.0 Safari/537.36	6
179	2026-03-14 02:21:43.350789	\N	192.168.1.20	2026-03-14 02:21:43.350789	f	\N	Mozilla/5.0 (Macintosh; Intel Mac OS X 10_15_7) AppleWebKit/537.36 (KHTML, like Gecko) Chrome/145.0.0.0 Safari/537.36	6
180	2026-03-14 02:52:14.217503	\N	192.168.1.20	2026-03-14 02:52:14.217503	f	\N	Mozilla/5.0 (Macintosh; Intel Mac OS X 10_15_7) AppleWebKit/537.36 (KHTML, like Gecko) Chrome/145.0.0.0 Safari/537.36	6
181	2026-03-14 13:56:18.01282	\N	192.168.1.20	2026-03-14 13:56:18.01282	f	\N	Mozilla/5.0 (Macintosh; Intel Mac OS X 10_15_7) AppleWebKit/537.36 (KHTML, like Gecko) Chrome/145.0.0.0 Safari/537.36	6
182	2026-03-14 14:32:18.455452	\N	192.168.1.20	2026-03-14 14:32:18.455452	f	\N	Mozilla/5.0 (Macintosh; Intel Mac OS X 10_15_7) AppleWebKit/537.36 (KHTML, like Gecko) Chrome/145.0.0.0 Safari/537.36	6
183	2026-03-14 14:50:17.490367	\N	192.168.1.20	2026-03-14 14:50:17.490367	f	\N	Mozilla/5.0 (Macintosh; Intel Mac OS X 10_15_7) AppleWebKit/537.36 (KHTML, like Gecko) Chrome/145.0.0.0 Safari/537.36	6
184	2026-03-14 15:12:20.807353	\N	192.168.1.20	2026-03-14 15:12:20.807353	f	\N	Mozilla/5.0 (Macintosh; Intel Mac OS X 10_15_7) AppleWebKit/537.36 (KHTML, like Gecko) Chrome/145.0.0.0 Safari/537.36	6
185	2026-03-14 16:36:54.885547	\N	192.168.1.20	2026-03-14 16:36:54.885547	f	\N	Mozilla/5.0 (Macintosh; Intel Mac OS X 10_15_7) AppleWebKit/537.36 (KHTML, like Gecko) Chrome/145.0.0.0 Safari/537.36	6
186	2026-03-14 19:04:35.485499	\N	192.168.1.20	2026-03-14 19:04:35.485499	f	\N	Mozilla/5.0 (Macintosh; Intel Mac OS X 10_15_7) AppleWebKit/537.36 (KHTML, like Gecko) Chrome/145.0.0.0 Safari/537.36	6
213	2026-03-31 02:17:46.000523	\N	192.168.1.15	2026-03-31 02:27:14.132898	t	2026-03-31 02:27:14.132592	Mozilla/5.0 (Linux; Android 6.0; Nexus 5 Build/MRA58N) AppleWebKit/537.36 (KHTML, like Gecko) Chrome/145.0.0.0 Mobile Safari/537.36	6
187	2026-03-15 14:26:34.743896	\N	192.168.1.20	2026-03-15 14:30:12.065027	t	2026-03-15 14:30:12.061476	Mozilla/5.0 (Macintosh; Intel Mac OS X 10_15_7) AppleWebKit/537.36 (KHTML, like Gecko) Chrome/145.0.0.0 Safari/537.36	6
214	2026-03-31 02:27:17.691319	\N	192.168.1.15	2026-03-31 02:27:17.691319	f	\N	Mozilla/5.0 (Macintosh; Intel Mac OS X 10_15_7) AppleWebKit/537.36 (KHTML, like Gecko) Chrome/145.0.0.0 Safari/537.36	6
188	2026-03-15 14:31:19.29091	\N	192.168.1.20	2026-03-15 14:34:42.797281	t	2026-03-15 14:34:42.796606	Mozilla/5.0 (Macintosh; Intel Mac OS X 10_15_7) AppleWebKit/537.36 (KHTML, like Gecko) Chrome/145.0.0.0 Safari/537.36	6
189	2026-03-15 14:34:54.160999	\N	192.168.1.20	2026-03-15 14:34:54.160999	f	\N	Mozilla/5.0 (Macintosh; Intel Mac OS X 10_15_7) AppleWebKit/537.36 (KHTML, like Gecko) Chrome/145.0.0.0 Safari/537.36	6
190	2026-03-16 14:50:07.079175	\N	192.168.1.20	2026-03-16 14:50:07.079175	f	\N	Mozilla/5.0 (Macintosh; Intel Mac OS X 10_15_7) AppleWebKit/537.36 (KHTML, like Gecko) Chrome/145.0.0.0 Safari/537.36	6
191	2026-03-16 14:57:05.400638	\N	192.168.1.20	2026-03-16 14:57:05.400638	f	\N	Mozilla/5.0 (Macintosh; Intel Mac OS X 10_15_7) AppleWebKit/537.36 (KHTML, like Gecko) Chrome/145.0.0.0 Safari/537.36	6
192	2026-03-16 15:29:06.278141	\N	192.168.1.20	2026-03-16 15:29:06.278141	f	\N	Mozilla/5.0 (Macintosh; Intel Mac OS X 10_15_7) AppleWebKit/537.36 (KHTML, like Gecko) Chrome/145.0.0.0 Safari/537.36	6
193	2026-03-16 15:36:23.154763	\N	192.168.1.20	2026-03-16 15:36:23.154763	f	\N	Mozilla/5.0 (Macintosh; Intel Mac OS X 10_15_7) AppleWebKit/537.36 (KHTML, like Gecko) Chrome/145.0.0.0 Safari/537.36	6
194	2026-03-30 13:53:49.63182	\N	192.168.1.15	2026-03-30 13:53:49.63182	f	\N	Mozilla/5.0 (Macintosh; Intel Mac OS X 10_15_7) AppleWebKit/537.36 (KHTML, like Gecko) Chrome/145.0.0.0 Safari/537.36	6
215	2026-03-31 02:27:43.842733	\N	192.168.1.15	2026-03-31 02:27:43.842733	f	\N	Mozilla/5.0 (Macintosh; Intel Mac OS X 10_15_7) AppleWebKit/537.36 (KHTML, like Gecko) Chrome/145.0.0.0 Safari/537.36	6
195	2026-03-30 15:02:27.025788	\N	192.168.1.15	2026-03-30 19:57:28.363782	t	2026-03-30 19:57:28.363437	Mozilla/5.0 (Macintosh; Intel Mac OS X 10_15_7) AppleWebKit/537.36 (KHTML, like Gecko) Chrome/145.0.0.0 Safari/537.36	6
196	2026-03-30 19:57:35.01807	\N	192.168.1.15	2026-03-30 19:57:35.01807	f	\N	Mozilla/5.0 (Macintosh; Intel Mac OS X 10_15_7) AppleWebKit/537.36 (KHTML, like Gecko) Chrome/145.0.0.0 Safari/537.36	6
197	2026-03-30 20:07:08.735241	\N	192.168.1.15	2026-03-30 20:07:08.735241	f	\N	Mozilla/5.0 (Macintosh; Intel Mac OS X 10_15_7) AppleWebKit/537.36 (KHTML, like Gecko) Chrome/145.0.0.0 Safari/537.36	6
198	2026-03-30 20:13:51.358743	\N	192.168.1.15	2026-03-30 20:13:51.358743	f	\N	Mozilla/5.0 (Macintosh; Intel Mac OS X 10_15_7) AppleWebKit/537.36 (KHTML, like Gecko) Chrome/145.0.0.0 Safari/537.36	6
199	2026-03-30 20:16:01.49808	\N	192.168.1.15	2026-03-30 20:16:01.49808	f	\N	Mozilla/5.0 (Macintosh; Intel Mac OS X 10_15_7) AppleWebKit/537.36 (KHTML, like Gecko) Chrome/145.0.0.0 Safari/537.36	6
200	2026-03-30 21:03:11.141717	\N	192.168.1.15	2026-03-30 21:03:11.141717	f	\N	Mozilla/5.0 (Macintosh; Intel Mac OS X 10_15_7) AppleWebKit/537.36 (KHTML, like Gecko) Chrome/145.0.0.0 Safari/537.36	6
201	2026-03-30 21:18:42.882622	\N	192.168.1.15	2026-03-30 21:18:42.882622	f	\N	Mozilla/5.0 (Macintosh; Intel Mac OS X 10_15_7) AppleWebKit/537.36 (KHTML, like Gecko) Chrome/145.0.0.0 Safari/537.36	6
202	2026-03-30 21:21:42.703103	\N	192.168.1.15	2026-03-30 21:21:42.703103	f	\N	Mozilla/5.0 (Macintosh; Intel Mac OS X 10_15_7) AppleWebKit/537.36 (KHTML, like Gecko) Chrome/145.0.0.0 Safari/537.36	6
203	2026-03-30 21:31:40.910758	\N	192.168.1.15	2026-03-30 21:31:40.910758	f	\N	Mozilla/5.0 (Macintosh; Intel Mac OS X 10_15_7) AppleWebKit/537.36 (KHTML, like Gecko) Chrome/145.0.0.0 Safari/537.36	6
204	2026-03-30 22:21:11.883547	\N	192.168.1.15	2026-03-30 22:21:11.883547	f	\N	Mozilla/5.0 (Macintosh; Intel Mac OS X 10_15_7) AppleWebKit/537.36 (KHTML, like Gecko) Chrome/145.0.0.0 Safari/537.36	6
205	2026-03-30 22:27:05.886662	\N	192.168.1.15	2026-03-30 22:27:05.886662	f	\N	Mozilla/5.0 (Macintosh; Intel Mac OS X 10_15_7) AppleWebKit/537.36 (KHTML, like Gecko) Chrome/145.0.0.0 Safari/537.36	6
206	2026-03-31 01:01:53.696699	\N	192.168.1.15	2026-03-31 01:01:53.696699	f	\N	Mozilla/5.0 (Macintosh; Intel Mac OS X 10_15_7) AppleWebKit/537.36 (KHTML, like Gecko) Chrome/145.0.0.0 Safari/537.36	6
207	2026-03-31 01:03:40.477944	\N	192.168.1.15	2026-03-31 01:03:40.477944	f	\N	Mozilla/5.0 (Macintosh; Intel Mac OS X 10_15_7) AppleWebKit/537.36 (KHTML, like Gecko) Chrome/145.0.0.0 Safari/537.36	6
208	2026-03-31 01:06:43.480826	\N	192.168.1.15	2026-03-31 01:06:43.480826	f	\N	Mozilla/5.0 (Macintosh; Intel Mac OS X 10_15_7) AppleWebKit/537.36 (KHTML, like Gecko) Chrome/145.0.0.0 Safari/537.36	6
209	2026-03-31 01:09:12.028032	\N	192.168.1.15	2026-03-31 01:09:12.028032	f	\N	Mozilla/5.0 (Macintosh; Intel Mac OS X 10_15_7) AppleWebKit/537.36 (KHTML, like Gecko) Chrome/145.0.0.0 Safari/537.36	6
210	2026-03-31 01:12:10.778028	\N	192.168.1.15	2026-03-31 01:12:10.778028	f	\N	Mozilla/5.0 (Macintosh; Intel Mac OS X 10_15_7) AppleWebKit/537.36 (KHTML, like Gecko) Chrome/145.0.0.0 Safari/537.36	6
211	2026-03-31 02:13:06.020694	\N	192.168.1.15	2026-03-31 02:13:06.020694	f	\N	Mozilla/5.0 (Macintosh; Intel Mac OS X 10_15_7) AppleWebKit/537.36 (KHTML, like Gecko) Chrome/145.0.0.0 Safari/537.36	6
212	2026-03-31 02:17:45.359754	\N	192.168.1.15	2026-03-31 02:17:45.359754	f	\N	Mozilla/5.0 (Linux; Android 6.0; Nexus 5 Build/MRA58N) AppleWebKit/537.36 (KHTML, like Gecko) Chrome/145.0.0.0 Mobile Safari/537.36	6
216	2026-03-31 02:33:06.618596	\N	192.168.1.15	2026-03-31 02:33:06.618596	f	\N	Mozilla/5.0 (Macintosh; Intel Mac OS X 10_15_7) AppleWebKit/537.36 (KHTML, like Gecko) Chrome/145.0.0.0 Safari/537.36	6
217	2026-03-31 02:34:05.71459	\N	192.168.1.15	2026-03-31 02:34:05.71459	f	\N	Mozilla/5.0 (Macintosh; Intel Mac OS X 10_15_7) AppleWebKit/537.36 (KHTML, like Gecko) Chrome/145.0.0.0 Safari/537.36	6
218	2026-03-31 02:35:50.329393	\N	192.168.1.15	2026-03-31 02:35:50.329393	f	\N	Mozilla/5.0 (Macintosh; Intel Mac OS X 10_15_7) AppleWebKit/537.36 (KHTML, like Gecko) Chrome/145.0.0.0 Safari/537.36	6
219	2026-03-31 02:37:48.413296	\N	192.168.1.15	2026-03-31 02:37:48.413296	f	\N	Mozilla/5.0 (Macintosh; Intel Mac OS X 10_15_7) AppleWebKit/537.36 (KHTML, like Gecko) Chrome/145.0.0.0 Safari/537.36	6
220	2026-03-31 02:52:41.17425	\N	192.168.1.15	2026-03-31 02:52:41.17425	f	\N	Mozilla/5.0 (Macintosh; Intel Mac OS X 10_15_7) AppleWebKit/537.36 (KHTML, like Gecko) Chrome/145.0.0.0 Safari/537.36	6
221	2026-03-31 02:54:03.026349	\N	192.168.1.15	2026-03-31 02:54:03.026349	f	\N	Mozilla/5.0 (Macintosh; Intel Mac OS X 10_15_7) AppleWebKit/537.36 (KHTML, like Gecko) Chrome/145.0.0.0 Safari/537.36	6
222	2026-03-31 02:54:03.6456	\N	192.168.1.15	2026-03-31 02:54:03.6456	f	\N	Mozilla/5.0 (Macintosh; Intel Mac OS X 10_15_7) AppleWebKit/537.36 (KHTML, like Gecko) Chrome/145.0.0.0 Safari/537.36	6
223	2026-03-31 02:55:57.873773	\N	192.168.1.15	2026-03-31 02:55:57.873773	f	\N	Mozilla/5.0 (Macintosh; Intel Mac OS X 10_15_7) AppleWebKit/537.36 (KHTML, like Gecko) Chrome/145.0.0.0 Safari/537.36	6
224	2026-03-31 03:10:51.540889	\N	192.168.1.15	2026-03-31 03:10:51.540889	f	\N	Mozilla/5.0 (Macintosh; Intel Mac OS X 10_15_7) AppleWebKit/537.36 (KHTML, like Gecko) Chrome/145.0.0.0 Safari/537.36	6
225	2026-03-31 15:31:57.548798	\N	192.168.1.15	2026-03-31 15:31:57.548798	f	\N	Mozilla/5.0 (Macintosh; Intel Mac OS X 10_15_7) AppleWebKit/537.36 (KHTML, like Gecko) Chrome/145.0.0.0 Safari/537.36	6
226	2026-03-31 18:51:55.899509	\N	192.168.1.15	2026-03-31 18:51:55.899509	f	\N	Mozilla/5.0 (Macintosh; Intel Mac OS X 10_15_7) AppleWebKit/537.36 (KHTML, like Gecko) Chrome/145.0.0.0 Safari/537.36	6
227	2026-04-01 11:45:19.028733	\N	192.168.1.15	2026-04-01 11:45:19.028733	f	\N	Mozilla/5.0 (Macintosh; Intel Mac OS X 10_15_7) AppleWebKit/537.36 (KHTML, like Gecko) Chrome/145.0.0.0 Safari/537.36	6
228	2026-04-02 02:27:09.07627	\N	192.168.1.15	2026-04-02 02:27:09.07627	f	\N	Mozilla/5.0 (Macintosh; Intel Mac OS X 10_15_7) AppleWebKit/537.36 (KHTML, like Gecko) Chrome/145.0.0.0 Safari/537.36	6
229	2026-04-02 02:32:14.904368	\N	192.168.1.15	2026-04-02 02:32:14.904368	f	\N	Mozilla/5.0 (Macintosh; Intel Mac OS X 10_15_7) AppleWebKit/537.36 (KHTML, like Gecko) Chrome/145.0.0.0 Safari/537.36	6
230	2026-04-02 03:01:56.07733	\N	192.168.1.15	2026-04-02 03:01:56.07733	f	\N	Mozilla/5.0 (Macintosh; Intel Mac OS X 10_15_7) AppleWebKit/537.36 (KHTML, like Gecko) Chrome/145.0.0.0 Safari/537.36	6
231	2026-04-02 03:02:45.173803	\N	192.168.1.15	2026-04-02 03:02:45.173803	f	\N	Mozilla/5.0 (Macintosh; Intel Mac OS X 10_15_7) AppleWebKit/537.36 (KHTML, like Gecko) Chrome/145.0.0.0 Safari/537.36	6
232	2026-04-02 13:14:38.314888	\N	192.168.1.15	2026-04-02 13:14:38.314888	f	\N	Mozilla/5.0 (Macintosh; Intel Mac OS X 10_15_7) AppleWebKit/537.36 (KHTML, like Gecko) Chrome/145.0.0.0 Safari/537.36	6
233	2026-04-02 13:25:38.307319	\N	192.168.1.15	2026-04-02 13:25:38.307319	f	\N	Mozilla/5.0 (Macintosh; Intel Mac OS X 10_15_7) AppleWebKit/537.36 (KHTML, like Gecko) Chrome/145.0.0.0 Safari/537.36	6
234	2026-04-04 17:55:00.139846	\N	192.168.1.15	2026-04-04 17:55:00.139846	f	\N	Mozilla/5.0 (Macintosh; Intel Mac OS X 10_15_7) AppleWebKit/537.36 (KHTML, like Gecko) Chrome/145.0.0.0 Safari/537.36	6
235	2026-04-04 18:50:13.106334	\N	192.168.1.15	2026-04-04 18:50:13.106334	f	\N	Mozilla/5.0 (Macintosh; Intel Mac OS X 10_15_7) AppleWebKit/537.36 (KHTML, like Gecko) Chrome/145.0.0.0 Safari/537.36	6
236	2026-04-04 23:16:49.347979	\N	192.168.1.15	2026-04-04 23:16:49.347979	f	\N	Mozilla/5.0 (Linux; Android 6.0; Nexus 5 Build/MRA58N) AppleWebKit/537.36 (KHTML, like Gecko) Chrome/145.0.0.0 Mobile Safari/537.36	6
237	2026-04-04 23:16:50.151745	\N	192.168.1.15	2026-04-04 23:16:50.151745	f	\N	Mozilla/5.0 (Linux; Android 6.0; Nexus 5 Build/MRA58N) AppleWebKit/537.36 (KHTML, like Gecko) Chrome/145.0.0.0 Mobile Safari/537.36	6
238	2026-04-04 23:25:08.505804	\N	192.168.1.15	2026-04-04 23:25:08.505804	f	\N	Mozilla/5.0 (Macintosh; Intel Mac OS X 10_15_7) AppleWebKit/537.36 (KHTML, like Gecko) Chrome/145.0.0.0 Safari/537.36	6
239	2026-04-04 23:27:23.406973	\N	192.168.1.15	2026-04-04 23:27:23.406973	f	\N	PostmanRuntime/7.51.1	7
240	2026-04-04 23:40:48.116074	\N	192.168.1.15	2026-04-04 23:40:48.116074	f	\N	Mozilla/5.0 (Macintosh; Intel Mac OS X 10_15_7) AppleWebKit/537.36 (KHTML, like Gecko) Chrome/145.0.0.0 Safari/537.36	6
241	2026-04-05 22:51:40.824418	\N	192.168.1.15	2026-04-06 00:26:24.634515	t	2026-04-06 00:26:24.63392	Mozilla/5.0 (Macintosh; Intel Mac OS X 10_15_7) AppleWebKit/537.36 (KHTML, like Gecko) Chrome/145.0.0.0 Safari/537.36	6
242	2026-04-06 00:26:30.182049	\N	192.168.1.15	2026-04-06 00:26:30.182049	f	\N	Mozilla/5.0 (Macintosh; Intel Mac OS X 10_15_7) AppleWebKit/537.36 (KHTML, like Gecko) Chrome/145.0.0.0 Safari/537.36	6
243	2026-04-07 01:32:06.314276	\N	192.168.1.15	2026-04-07 01:32:06.314276	f	\N	Mozilla/5.0 (Macintosh; Intel Mac OS X 10_15_7) AppleWebKit/537.36 (KHTML, like Gecko) Chrome/145.0.0.0 Safari/537.36	6
244	2026-04-07 01:34:19.883615	\N	192.168.1.15	2026-04-07 01:34:19.883615	f	\N	Mozilla/5.0 (Macintosh; Intel Mac OS X 10_15_7) AppleWebKit/537.36 (KHTML, like Gecko) Chrome/145.0.0.0 Safari/537.36	6
245	2026-04-07 02:03:28.998737	\N	192.168.1.15	2026-04-07 02:03:28.998737	f	\N	Mozilla/5.0 (Macintosh; Intel Mac OS X 10_15_7) AppleWebKit/537.36 (KHTML, like Gecko) Chrome/145.0.0.0 Safari/537.36	6
246	2026-04-07 02:50:24.607989	\N	192.168.1.15	2026-04-07 02:50:24.607989	f	\N	Mozilla/5.0 (Macintosh; Intel Mac OS X 10_15_7) AppleWebKit/537.36 (KHTML, like Gecko) Chrome/145.0.0.0 Safari/537.36	6
247	2026-04-07 23:58:06.653967	\N	192.168.1.15	2026-04-08 00:04:24.054553	t	2026-04-08 00:04:24.054127	Mozilla/5.0 (Macintosh; Intel Mac OS X 10_15_7) AppleWebKit/537.36 (KHTML, like Gecko) Chrome/145.0.0.0 Safari/537.36	6
248	2026-04-08 00:04:32.851283	\N	192.168.1.15	2026-04-08 00:04:56.013835	t	2026-04-08 00:04:56.013506	Mozilla/5.0 (Macintosh; Intel Mac OS X 10_15_7) AppleWebKit/537.36 (KHTML, like Gecko) Chrome/145.0.0.0 Safari/537.36	6
249	2026-04-08 00:05:10.601236	\N	192.168.1.15	2026-04-08 00:05:10.601236	f	\N	Mozilla/5.0 (Macintosh; Intel Mac OS X 10_15_7) AppleWebKit/537.36 (KHTML, like Gecko) Chrome/145.0.0.0 Safari/537.36	6
250	2026-04-08 01:05:10.271185	\N	192.168.1.15	2026-04-08 01:05:10.271185	f	\N	Mozilla/5.0 (Macintosh; Intel Mac OS X 10_15_7) AppleWebKit/537.36 (KHTML, like Gecko) Chrome/145.0.0.0 Safari/537.36	6
251	2026-04-08 01:07:05.113522	\N	192.168.1.15	2026-04-08 01:07:05.113522	f	\N	Mozilla/5.0 (Macintosh; Intel Mac OS X 10_15_7) AppleWebKit/537.36 (KHTML, like Gecko) Chrome/145.0.0.0 Safari/537.36	6
252	2026-04-08 01:07:57.32615	\N	192.168.1.15	2026-04-08 01:07:57.32615	f	\N	Mozilla/5.0 (Macintosh; Intel Mac OS X 10_15_7) AppleWebKit/537.36 (KHTML, like Gecko) Chrome/145.0.0.0 Safari/537.36	6
253	2026-04-09 20:57:29.5137	\N	192.168.1.15	2026-04-09 20:57:29.5137	f	\N	Mozilla/5.0 (Macintosh; Intel Mac OS X 10_15_7) AppleWebKit/537.36 (KHTML, like Gecko) Chrome/146.0.0.0 Safari/537.36	6
254	2026-04-09 21:02:18.374678	\N	192.168.1.15	2026-04-09 21:02:18.374678	f	\N	Mozilla/5.0 (Linux; Android 6.0; Nexus 5 Build/MRA58N) AppleWebKit/537.36 (KHTML, like Gecko) Chrome/146.0.0.0 Mobile Safari/537.36	6
255	2026-04-09 21:03:03.627054	\N	192.168.1.15	2026-04-09 21:03:03.627054	f	\N	Mozilla/5.0 (Linux; Android 6.0; Nexus 5 Build/MRA58N) AppleWebKit/537.36 (KHTML, like Gecko) Chrome/146.0.0.0 Mobile Safari/537.36	6
256	2026-04-09 21:08:41.751341	\N	192.168.1.15	2026-04-09 21:08:41.751341	f	\N	Mozilla/5.0 (Linux; Android 6.0; Nexus 5 Build/MRA58N) AppleWebKit/537.36 (KHTML, like Gecko) Chrome/146.0.0.0 Mobile Safari/537.36	6
257	2026-04-09 21:17:27.069197	\N	192.168.1.15	2026-04-09 21:17:27.069197	f	\N	Mozilla/5.0 (Macintosh; Intel Mac OS X 10_15_7) AppleWebKit/537.36 (KHTML, like Gecko) Chrome/146.0.0.0 Safari/537.36	6
258	2026-04-09 21:22:02.011096	\N	192.168.1.15	2026-04-09 21:22:02.011096	f	\N	Mozilla/5.0 (Macintosh; Intel Mac OS X 10_15_7) AppleWebKit/537.36 (KHTML, like Gecko) Chrome/146.0.0.0 Safari/537.36	6
259	2026-04-09 21:48:01.617668	\N	192.168.1.15	2026-04-09 21:48:01.617668	f	\N	Mozilla/5.0 (Macintosh; Intel Mac OS X 10_15_7) AppleWebKit/537.36 (KHTML, like Gecko) Chrome/146.0.0.0 Safari/537.36	6
260	2026-04-09 21:48:26.544812	\N	192.168.1.15	2026-04-09 21:48:26.544812	f	\N	Mozilla/5.0 (Macintosh; Intel Mac OS X 10_15_7) AppleWebKit/537.36 (KHTML, like Gecko) Chrome/146.0.0.0 Safari/537.36	6
261	2026-04-09 21:51:09.117887	\N	192.168.1.15	2026-04-09 21:51:09.117887	f	\N	Mozilla/5.0 (Macintosh; Intel Mac OS X 10_15_7) AppleWebKit/537.36 (KHTML, like Gecko) Chrome/146.0.0.0 Safari/537.36	6
262	2026-04-09 21:53:02.913312	\N	192.168.1.15	2026-04-09 21:53:28.295522	t	2026-04-09 21:53:28.295197	Mozilla/5.0 (Macintosh; Intel Mac OS X 10_15_7) AppleWebKit/537.36 (KHTML, like Gecko) Chrome/146.0.0.0 Safari/537.36	6
263	2026-04-10 03:25:03.613571	\N	192.168.1.15	2026-04-10 03:25:06.664593	t	2026-04-10 03:25:06.663017	Mozilla/5.0 (Linux; Android 6.0; Nexus 5 Build/MRA58N) AppleWebKit/537.36 (KHTML, like Gecko) Chrome/146.0.0.0 Mobile Safari/537.36	6
264	2026-04-10 03:35:50.413643	\N	192.168.1.15	2026-04-10 03:36:00.669891	t	2026-04-10 03:36:00.669639	Mozilla/5.0 (Macintosh; Intel Mac OS X 10_15_7) AppleWebKit/537.36 (KHTML, like Gecko) Chrome/146.0.0.0 Safari/537.36	6
\.


--
-- Data for Name: users; Type: TABLE DATA; Schema: public; Owner: crm_user
--

COPY public.users (id, account_non_expired, account_non_locked, avatar_url, created_at, credentials_non_expired, email, email_verified, status, first_name, last_login, last_name, password, phone_number, updated_at, username) FROM stdin;
1	t	t	\N	2026-02-20 23:33:26.984338	t	admin@crm.com	f	t	System	\N	Administrator	$2a$10$TZabhtRdqbob02cndU3wveBvpB3dfmGZlK0VD0w.ks5pNaN4GStnS	+1111111111	2026-02-20 23:33:26.98435	admin
2	t	t	\N	2026-02-20 23:33:26.996253	t	john.doe@crm.com	f	t	John	\N	Doe	$2a$10$M0GUI3fr/JsPgDGAnI6Y2eIsqnSb79EBCDWdoCG.wuWlA.Yi3AbUa	+1234567890	2026-02-20 23:33:26.996258	johndoe
3	t	t	\N	2026-02-20 23:33:26.999151	t	manager@crm.com	f	t	Jane	\N	Manager	$2a$10$aLfxdfla9PpAlT54FaI/yOcMQ4BwZaM0h/5c7fxMLWVowvSdCzxf2	+1987654321	2026-02-20 23:33:26.999157	manager
8	t	t	\N	2026-02-21 14:42:35.604669	t	guillermoesteban.diazq@gmail.com	t	t	Guillermo	2026-02-25 03:43:53.878271	Diaz	$2a$10$k4nbOoQQcj4N.I/wNAKJheoHZx/2STBLkNVKnPwXuLEViQ3607kCu	+56982154656	2026-04-10 03:27:17.088294	gediazq
5	t	t	\N	2026-02-20 23:33:27.00492	t	robert.smith@crm.com	f	t	Robert	\N	Smith	$2a$10$HpOQbEEcJfGNBtQHztyWRe7lV3FiORUJ1FZvlCFcNnIzn5U41YlB2	+1555123456	2026-03-30 17:24:54.875075	robertsmith
6	t	t	https://avatars.githubusercontent.com/u/116692302?v=4	2026-02-20 23:48:53.872606	t	guillermoe.diazq@gmail.com	t	t	Guillermo	2026-04-10 03:35:50.349065	Diaz Q.	$2a$10$y9dPJjpc5eyVRhYvGLthHuo6xt9v4FUwqvDjhHcccxir9QZEoiXFy	\N	2026-04-10 03:35:50.349966	gdiazq
4	t	t	\N	2026-02-20 23:33:27.002142	t	jane.doe@crm.com	f	t	Jane	\N	Doe	$2a$10$uZ0utKkbdvBV9V03fXjLGOE5wLwz/hhYb9pkvTZLz9YbkAdBvPJ/u	+1122334455	2026-03-30 17:26:20.359329	janedoe
17	t	t	\N	2026-03-04 02:12:27.405529	t	pedro.salinas@empresa.com	f	t	Pedro	\N	Salinas	$2a$10$inyWDXRrxpIgr.jvRCDJEe1gUEI5HHG7JsT8v634cDTp5NZ0BMypC	+56912345003	2026-03-30 19:25:19.487392	psalinas
16	t	t	\N	2026-03-04 02:12:24.964244	t	carla.fuentes@empresa.com	f	t	Carla	\N	Fuentes	$2a$10$Z6rUcmyYqD1QUaI1eCGVquGGxEXwhog21OohMi/LxFuyzhlu.iS.K	+56912345002	2026-03-30 19:27:14.788881	cfuentes
19	t	t	\N	2026-03-04 02:12:32.576876	t	miguel.castillo@empresa.com	f	t	Miguel	\N	Castillo	$2a$10$/qkWVgZuuWI1vmJYLxrUBecmLXJBL75Smo/clDMs9biCeEJWL.aC.	+56912345005	2026-03-14 19:10:40.960294	mcastillo
18	t	t	\N	2026-03-04 02:12:29.846605	t	valentina.herrera@empresa.com	f	t	Valentina	\N	Herrera	$2a$10$xMYWpl88S19ZcAFXkD0kvegfztGQXs1n4dXuNbQY9ViaTsLNIKlKi	+56912345004	2026-03-30 21:49:15.814383	vherrera
15	t	t	\N	2026-03-04 02:12:21.97724	t	luis.martinez@empresa.com	f	t	Luis	\N	Martínez	$2a$10$foDcPW.Wv4IFmMCb6kHVAuDYDu3FGUI45mqEJ6MmAfKmeCyRZLjhG	+56912345001	2026-03-30 21:49:39.648205	lmartinez
7	t	t	https://s3-cdn-crmokr.s3.us-east-1.amazonaws.com/USER_AVATAR/7/695ef325-6e87-4d36-b978-d18ef6cf6440_Cara.jpg	2026-02-21 00:30:45.135553	t	gqmeister@gmail.com	t	t	Guillermo	2026-04-04 23:27:23.358334	Diaz	$2a$10$8eyIFUYvsPyx/zgauY1MjuZ4G7CPWhlDLOi15sd5WuL3dt28bY00m	+56982154656	2026-04-04 23:27:23.358815	gdiaz
\.


--
-- Data for Name: zones; Type: TABLE DATA; Schema: public; Owner: crm_user
--

COPY public.zones (id, name) FROM stdin;
1	Zona Norte
2	Zona Centro
3	Zona Sur
4	Zona Oriente
5	Zona Poniente
\.


--
-- Name: admin_email_verification_codes_id_seq; Type: SEQUENCE SET; Schema: public; Owner: crm_user
--

SELECT pg_catalog.setval('public.admin_email_verification_codes_id_seq', 12, true);


--
-- Name: afps_id_seq; Type: SEQUENCE SET; Schema: public; Owner: crm_user
--

SELECT pg_catalog.setval('public.afps_id_seq', 7, true);


--
-- Name: banks_id_seq; Type: SEQUENCE SET; Schema: public; Owner: crm_user
--

SELECT pg_catalog.setval('public.banks_id_seq', 14, true);


--
-- Name: cities_id_seq; Type: SEQUENCE SET; Schema: public; Owner: crm_user
--

SELECT pg_catalog.setval('public.cities_id_seq', 44, true);


--
-- Name: communes_id_seq; Type: SEQUENCE SET; Schema: public; Owner: crm_user
--

SELECT pg_catalog.setval('public.communes_id_seq', 346, true);


--
-- Name: companies_id_seq; Type: SEQUENCE SET; Schema: public; Owner: crm_user
--

SELECT pg_catalog.setval('public.companies_id_seq', 3, true);


--
-- Name: contract_statuses_id_seq; Type: SEQUENCE SET; Schema: public; Owner: crm_user
--

SELECT pg_catalog.setval('public.contract_statuses_id_seq', 4, true);


--
-- Name: contract_types_id_seq; Type: SEQUENCE SET; Schema: public; Owner: crm_user
--

SELECT pg_catalog.setval('public.contract_types_id_seq', 5, true);


--
-- Name: contracts_id_seq; Type: SEQUENCE SET; Schema: public; Owner: crm_user
--

SELECT pg_catalog.setval('public.contracts_id_seq', 1, true);


--
-- Name: driver_licenses_id_seq; Type: SEQUENCE SET; Schema: public; Owner: crm_user
--

SELECT pg_catalog.setval('public.driver_licenses_id_seq', 9, true);


--
-- Name: education_levels_id_seq; Type: SEQUENCE SET; Schema: public; Owner: crm_user
--

SELECT pg_catalog.setval('public.education_levels_id_seq', 6, true);


--
-- Name: email_verification_codes_id_seq; Type: SEQUENCE SET; Schema: public; Owner: crm_user
--

SELECT pg_catalog.setval('public.email_verification_codes_id_seq', 4, true);


--
-- Name: emergency_contact_relationships_id_seq; Type: SEQUENCE SET; Schema: public; Owner: crm_user
--

SELECT pg_catalog.setval('public.emergency_contact_relationships_id_seq', 12, true);


--
-- Name: employee_statuses_id_seq; Type: SEQUENCE SET; Schema: public; Owner: crm_user
--

SELECT pg_catalog.setval('public.employee_statuses_id_seq', 5, true);


--
-- Name: employees_id_seq; Type: SEQUENCE SET; Schema: public; Owner: crm_user
--

SELECT pg_catalog.setval('public.employees_id_seq', 9, true);


--
-- Name: expats_id_seq; Type: SEQUENCE SET; Schema: public; Owner: crm_user
--

SELECT pg_catalog.setval('public.expats_id_seq', 3, true);


--
-- Name: family_allowance_tiers_id_seq; Type: SEQUENCE SET; Schema: public; Owner: crm_user
--

SELECT pg_catalog.setval('public.family_allowance_tiers_id_seq', 5, true);


--
-- Name: file_metadata_id_seq; Type: SEQUENCE SET; Schema: public; Owner: crm_user
--

SELECT pg_catalog.setval('public.file_metadata_id_seq', 6, true);


--
-- Name: genders_id_seq; Type: SEQUENCE SET; Schema: public; Owner: crm_user
--

SELECT pg_catalog.setval('public.genders_id_seq', 5, true);


--
-- Name: health_insurance_tariffs_id_seq; Type: SEQUENCE SET; Schema: public; Owner: crm_user
--

SELECT pg_catalog.setval('public.health_insurance_tariffs_id_seq', 2, true);


--
-- Name: health_insurances_id_seq; Type: SEQUENCE SET; Schema: public; Owner: crm_user
--

SELECT pg_catalog.setval('public.health_insurances_id_seq', 8, true);


--
-- Name: hr_request_types_id_seq; Type: SEQUENCE SET; Schema: public; Owner: crm_user
--

SELECT pg_catalog.setval('public.hr_request_types_id_seq', 6, true);


--
-- Name: hr_requests_id_seq; Type: SEQUENCE SET; Schema: public; Owner: crm_user
--

SELECT pg_catalog.setval('public.hr_requests_id_seq', 21, true);


--
-- Name: identification_types_id_seq; Type: SEQUENCE SET; Schema: public; Owner: crm_user
--

SELECT pg_catalog.setval('public.identification_types_id_seq', 5, true);


--
-- Name: job_titles_id_seq; Type: SEQUENCE SET; Schema: public; Owner: crm_user
--

SELECT pg_catalog.setval('public.job_titles_id_seq', 9, true);


--
-- Name: labor_unions_id_seq; Type: SEQUENCE SET; Schema: public; Owner: crm_user
--

SELECT pg_catalog.setval('public.labor_unions_id_seq', 4, true);


--
-- Name: legal_termination_causes_id_seq; Type: SEQUENCE SET; Schema: public; Owner: crm_user
--

SELECT pg_catalog.setval('public.legal_termination_causes_id_seq', 10, true);


--
-- Name: marital_statuses_id_seq; Type: SEQUENCE SET; Schema: public; Owner: crm_user
--

SELECT pg_catalog.setval('public.marital_statuses_id_seq', 6, true);


--
-- Name: meal_types_id_seq; Type: SEQUENCE SET; Schema: public; Owner: crm_user
--

SELECT pg_catalog.setval('public.meal_types_id_seq', 5, true);


--
-- Name: nationalities_id_seq; Type: SEQUENCE SET; Schema: public; Owner: crm_user
--

SELECT pg_catalog.setval('public.nationalities_id_seq', 21, true);


--
-- Name: no_re_hired_causes_id_seq; Type: SEQUENCE SET; Schema: public; Owner: crm_user
--

SELECT pg_catalog.setval('public.no_re_hired_causes_id_seq', 7, true);


--
-- Name: notifications_id_seq; Type: SEQUENCE SET; Schema: public; Owner: crm_user
--

SELECT pg_catalog.setval('public.notifications_id_seq', 281, true);


--
-- Name: password_reset_tokens_id_seq; Type: SEQUENCE SET; Schema: public; Owner: crm_user
--

SELECT pg_catalog.setval('public.password_reset_tokens_id_seq', 4, true);


--
-- Name: payment_methods_id_seq; Type: SEQUENCE SET; Schema: public; Owner: crm_user
--

SELECT pg_catalog.setval('public.payment_methods_id_seq', 4, true);


--
-- Name: pension_statuses_id_seq; Type: SEQUENCE SET; Schema: public; Owner: crm_user
--

SELECT pg_catalog.setval('public.pension_statuses_id_seq', 5, true);


--
-- Name: permissions_id_seq; Type: SEQUENCE SET; Schema: public; Owner: crm_user
--

SELECT pg_catalog.setval('public.permissions_id_seq', 54, true);


--
-- Name: professions_id_seq; Type: SEQUENCE SET; Schema: public; Owner: crm_user
--

SELECT pg_catalog.setval('public.professions_id_seq', 82, true);


--
-- Name: project_specialties_id_seq; Type: SEQUENCE SET; Schema: public; Owner: crm_user
--

SELECT pg_catalog.setval('public.project_specialties_id_seq', 8, true);


--
-- Name: project_statuses_id_seq; Type: SEQUENCE SET; Schema: public; Owner: crm_user
--

SELECT pg_catalog.setval('public.project_statuses_id_seq', 7, true);


--
-- Name: project_types_id_seq; Type: SEQUENCE SET; Schema: public; Owner: crm_user
--

SELECT pg_catalog.setval('public.project_types_id_seq', 7, true);


--
-- Name: projects_id_seq; Type: SEQUENCE SET; Schema: public; Owner: crm_user
--

SELECT pg_catalog.setval('public.projects_id_seq', 1, true);


--
-- Name: quality_of_work_id_seq; Type: SEQUENCE SET; Schema: public; Owner: crm_user
--

SELECT pg_catalog.setval('public.quality_of_work_id_seq', 5, true);


--
-- Name: refresh_tokens_id_seq; Type: SEQUENCE SET; Schema: public; Owner: crm_user
--

SELECT pg_catalog.setval('public.refresh_tokens_id_seq', 290, true);


--
-- Name: regions_id_seq; Type: SEQUENCE SET; Schema: public; Owner: crm_user
--

SELECT pg_catalog.setval('public.regions_id_seq', 16, true);


--
-- Name: retirement_statuses_id_seq; Type: SEQUENCE SET; Schema: public; Owner: crm_user
--

SELECT pg_catalog.setval('public.retirement_statuses_id_seq', 3, true);


--
-- Name: roles_id_seq; Type: SEQUENCE SET; Schema: public; Owner: crm_user
--

SELECT pg_catalog.setval('public.roles_id_seq', 12, true);


--
-- Name: safety_compliances_id_seq; Type: SEQUENCE SET; Schema: public; Owner: crm_user
--

SELECT pg_catalog.setval('public.safety_compliances_id_seq', 5, true);


--
-- Name: safety_groups_id_seq; Type: SEQUENCE SET; Schema: public; Owner: crm_user
--

SELECT pg_catalog.setval('public.safety_groups_id_seq', 4, true);


--
-- Name: settlements_id_seq; Type: SEQUENCE SET; Schema: public; Owner: crm_user
--

SELECT pg_catalog.setval('public.settlements_id_seq', 5, true);


--
-- Name: sites_id_seq; Type: SEQUENCE SET; Schema: public; Owner: crm_user
--

SELECT pg_catalog.setval('public.sites_id_seq', 4, true);


--
-- Name: termination_agreements_id_seq; Type: SEQUENCE SET; Schema: public; Owner: crm_user
--

SELECT pg_catalog.setval('public.termination_agreements_id_seq', 1, false);


--
-- Name: termination_quiz_option_id_seq; Type: SEQUENCE SET; Schema: public; Owner: crm_user
--

SELECT pg_catalog.setval('public.termination_quiz_option_id_seq', 1, false);


--
-- Name: termination_quiz_question_id_seq; Type: SEQUENCE SET; Schema: public; Owner: crm_user
--

SELECT pg_catalog.setval('public.termination_quiz_question_id_seq', 1, false);


--
-- Name: transport_types_id_seq; Type: SEQUENCE SET; Schema: public; Owner: crm_user
--

SELECT pg_catalog.setval('public.transport_types_id_seq', 6, true);


--
-- Name: user_mfa_id_seq; Type: SEQUENCE SET; Schema: public; Owner: crm_user
--

SELECT pg_catalog.setval('public.user_mfa_id_seq', 2, true);


--
-- Name: user_sessions_id_seq; Type: SEQUENCE SET; Schema: public; Owner: crm_user
--

SELECT pg_catalog.setval('public.user_sessions_id_seq', 264, true);


--
-- Name: users_id_seq; Type: SEQUENCE SET; Schema: public; Owner: crm_user
--

SELECT pg_catalog.setval('public.users_id_seq', 19, true);


--
-- Name: zones_id_seq; Type: SEQUENCE SET; Schema: public; Owner: crm_user
--

SELECT pg_catalog.setval('public.zones_id_seq', 5, true);


--
-- Name: admin_email_verification_codes admin_email_verification_codes_pkey; Type: CONSTRAINT; Schema: public; Owner: crm_user
--

ALTER TABLE ONLY public.admin_email_verification_codes
    ADD CONSTRAINT admin_email_verification_codes_pkey PRIMARY KEY (id);


--
-- Name: afps afps_pkey; Type: CONSTRAINT; Schema: public; Owner: crm_user
--

ALTER TABLE ONLY public.afps
    ADD CONSTRAINT afps_pkey PRIMARY KEY (id);


--
-- Name: banks banks_pkey; Type: CONSTRAINT; Schema: public; Owner: crm_user
--

ALTER TABLE ONLY public.banks
    ADD CONSTRAINT banks_pkey PRIMARY KEY (id);


--
-- Name: cities cities_pkey; Type: CONSTRAINT; Schema: public; Owner: crm_user
--

ALTER TABLE ONLY public.cities
    ADD CONSTRAINT cities_pkey PRIMARY KEY (id);


--
-- Name: communes communes_pkey; Type: CONSTRAINT; Schema: public; Owner: crm_user
--

ALTER TABLE ONLY public.communes
    ADD CONSTRAINT communes_pkey PRIMARY KEY (id);


--
-- Name: companies companies_pkey; Type: CONSTRAINT; Schema: public; Owner: crm_user
--

ALTER TABLE ONLY public.companies
    ADD CONSTRAINT companies_pkey PRIMARY KEY (id);


--
-- Name: contract_statuses contract_statuses_pkey; Type: CONSTRAINT; Schema: public; Owner: crm_user
--

ALTER TABLE ONLY public.contract_statuses
    ADD CONSTRAINT contract_statuses_pkey PRIMARY KEY (id);


--
-- Name: contract_types contract_types_pkey; Type: CONSTRAINT; Schema: public; Owner: crm_user
--

ALTER TABLE ONLY public.contract_types
    ADD CONSTRAINT contract_types_pkey PRIMARY KEY (id);


--
-- Name: contracts contracts_pkey; Type: CONSTRAINT; Schema: public; Owner: crm_user
--

ALTER TABLE ONLY public.contracts
    ADD CONSTRAINT contracts_pkey PRIMARY KEY (id);


--
-- Name: driver_licenses driver_licenses_pkey; Type: CONSTRAINT; Schema: public; Owner: crm_user
--

ALTER TABLE ONLY public.driver_licenses
    ADD CONSTRAINT driver_licenses_pkey PRIMARY KEY (id);


--
-- Name: education_levels education_levels_pkey; Type: CONSTRAINT; Schema: public; Owner: crm_user
--

ALTER TABLE ONLY public.education_levels
    ADD CONSTRAINT education_levels_pkey PRIMARY KEY (id);


--
-- Name: email_verification_codes email_verification_codes_pkey; Type: CONSTRAINT; Schema: public; Owner: crm_user
--

ALTER TABLE ONLY public.email_verification_codes
    ADD CONSTRAINT email_verification_codes_pkey PRIMARY KEY (id);


--
-- Name: emergency_contact_relationships emergency_contact_relationships_pkey; Type: CONSTRAINT; Schema: public; Owner: crm_user
--

ALTER TABLE ONLY public.emergency_contact_relationships
    ADD CONSTRAINT emergency_contact_relationships_pkey PRIMARY KEY (id);


--
-- Name: employee_statuses employee_statuses_pkey; Type: CONSTRAINT; Schema: public; Owner: crm_user
--

ALTER TABLE ONLY public.employee_statuses
    ADD CONSTRAINT employee_statuses_pkey PRIMARY KEY (id);


--
-- Name: employees employees_pkey; Type: CONSTRAINT; Schema: public; Owner: crm_user
--

ALTER TABLE ONLY public.employees
    ADD CONSTRAINT employees_pkey PRIMARY KEY (id);


--
-- Name: expats expats_pkey; Type: CONSTRAINT; Schema: public; Owner: crm_user
--

ALTER TABLE ONLY public.expats
    ADD CONSTRAINT expats_pkey PRIMARY KEY (id);


--
-- Name: family_allowance_tiers family_allowance_tiers_pkey; Type: CONSTRAINT; Schema: public; Owner: crm_user
--

ALTER TABLE ONLY public.family_allowance_tiers
    ADD CONSTRAINT family_allowance_tiers_pkey PRIMARY KEY (id);


--
-- Name: file_metadata file_metadata_pkey; Type: CONSTRAINT; Schema: public; Owner: crm_user
--

ALTER TABLE ONLY public.file_metadata
    ADD CONSTRAINT file_metadata_pkey PRIMARY KEY (id);


--
-- Name: genders genders_pkey; Type: CONSTRAINT; Schema: public; Owner: crm_user
--

ALTER TABLE ONLY public.genders
    ADD CONSTRAINT genders_pkey PRIMARY KEY (id);


--
-- Name: health_insurance_tariffs health_insurance_tariffs_pkey; Type: CONSTRAINT; Schema: public; Owner: crm_user
--

ALTER TABLE ONLY public.health_insurance_tariffs
    ADD CONSTRAINT health_insurance_tariffs_pkey PRIMARY KEY (id);


--
-- Name: health_insurances health_insurances_pkey; Type: CONSTRAINT; Schema: public; Owner: crm_user
--

ALTER TABLE ONLY public.health_insurances
    ADD CONSTRAINT health_insurances_pkey PRIMARY KEY (id);


--
-- Name: hr_request_types hr_request_types_pkey; Type: CONSTRAINT; Schema: public; Owner: crm_user
--

ALTER TABLE ONLY public.hr_request_types
    ADD CONSTRAINT hr_request_types_pkey PRIMARY KEY (id);


--
-- Name: hr_requests hr_requests_pkey; Type: CONSTRAINT; Schema: public; Owner: crm_user
--

ALTER TABLE ONLY public.hr_requests
    ADD CONSTRAINT hr_requests_pkey PRIMARY KEY (id);


--
-- Name: identification_types identification_types_pkey; Type: CONSTRAINT; Schema: public; Owner: crm_user
--

ALTER TABLE ONLY public.identification_types
    ADD CONSTRAINT identification_types_pkey PRIMARY KEY (id);


--
-- Name: job_titles job_titles_pkey; Type: CONSTRAINT; Schema: public; Owner: crm_user
--

ALTER TABLE ONLY public.job_titles
    ADD CONSTRAINT job_titles_pkey PRIMARY KEY (id);


--
-- Name: labor_unions labor_unions_pkey; Type: CONSTRAINT; Schema: public; Owner: crm_user
--

ALTER TABLE ONLY public.labor_unions
    ADD CONSTRAINT labor_unions_pkey PRIMARY KEY (id);


--
-- Name: legal_termination_causes legal_termination_causes_pkey; Type: CONSTRAINT; Schema: public; Owner: crm_user
--

ALTER TABLE ONLY public.legal_termination_causes
    ADD CONSTRAINT legal_termination_causes_pkey PRIMARY KEY (id);


--
-- Name: marital_statuses marital_statuses_pkey; Type: CONSTRAINT; Schema: public; Owner: crm_user
--

ALTER TABLE ONLY public.marital_statuses
    ADD CONSTRAINT marital_statuses_pkey PRIMARY KEY (id);


--
-- Name: meal_types meal_types_pkey; Type: CONSTRAINT; Schema: public; Owner: crm_user
--

ALTER TABLE ONLY public.meal_types
    ADD CONSTRAINT meal_types_pkey PRIMARY KEY (id);


--
-- Name: nationalities nationalities_pkey; Type: CONSTRAINT; Schema: public; Owner: crm_user
--

ALTER TABLE ONLY public.nationalities
    ADD CONSTRAINT nationalities_pkey PRIMARY KEY (id);


--
-- Name: no_re_hired_causes no_re_hired_causes_pkey; Type: CONSTRAINT; Schema: public; Owner: crm_user
--

ALTER TABLE ONLY public.no_re_hired_causes
    ADD CONSTRAINT no_re_hired_causes_pkey PRIMARY KEY (id);


--
-- Name: notifications notifications_pkey; Type: CONSTRAINT; Schema: public; Owner: crm_user
--

ALTER TABLE ONLY public.notifications
    ADD CONSTRAINT notifications_pkey PRIMARY KEY (id);


--
-- Name: password_reset_tokens password_reset_tokens_pkey; Type: CONSTRAINT; Schema: public; Owner: crm_user
--

ALTER TABLE ONLY public.password_reset_tokens
    ADD CONSTRAINT password_reset_tokens_pkey PRIMARY KEY (id);


--
-- Name: payment_methods payment_methods_pkey; Type: CONSTRAINT; Schema: public; Owner: crm_user
--

ALTER TABLE ONLY public.payment_methods
    ADD CONSTRAINT payment_methods_pkey PRIMARY KEY (id);


--
-- Name: pension_statuses pension_statuses_pkey; Type: CONSTRAINT; Schema: public; Owner: crm_user
--

ALTER TABLE ONLY public.pension_statuses
    ADD CONSTRAINT pension_statuses_pkey PRIMARY KEY (id);


--
-- Name: permissions permissions_pkey; Type: CONSTRAINT; Schema: public; Owner: crm_user
--

ALTER TABLE ONLY public.permissions
    ADD CONSTRAINT permissions_pkey PRIMARY KEY (id);


--
-- Name: professions professions_pkey; Type: CONSTRAINT; Schema: public; Owner: crm_user
--

ALTER TABLE ONLY public.professions
    ADD CONSTRAINT professions_pkey PRIMARY KEY (id);


--
-- Name: project_specialties project_specialties_pkey; Type: CONSTRAINT; Schema: public; Owner: crm_user
--

ALTER TABLE ONLY public.project_specialties
    ADD CONSTRAINT project_specialties_pkey PRIMARY KEY (id);


--
-- Name: project_statuses project_statuses_pkey; Type: CONSTRAINT; Schema: public; Owner: crm_user
--

ALTER TABLE ONLY public.project_statuses
    ADD CONSTRAINT project_statuses_pkey PRIMARY KEY (id);


--
-- Name: project_types project_types_pkey; Type: CONSTRAINT; Schema: public; Owner: crm_user
--

ALTER TABLE ONLY public.project_types
    ADD CONSTRAINT project_types_pkey PRIMARY KEY (id);


--
-- Name: projects projects_pkey; Type: CONSTRAINT; Schema: public; Owner: crm_user
--

ALTER TABLE ONLY public.projects
    ADD CONSTRAINT projects_pkey PRIMARY KEY (id);


--
-- Name: quality_of_work quality_of_work_pkey; Type: CONSTRAINT; Schema: public; Owner: crm_user
--

ALTER TABLE ONLY public.quality_of_work
    ADD CONSTRAINT quality_of_work_pkey PRIMARY KEY (id);


--
-- Name: refresh_tokens refresh_tokens_pkey; Type: CONSTRAINT; Schema: public; Owner: crm_user
--

ALTER TABLE ONLY public.refresh_tokens
    ADD CONSTRAINT refresh_tokens_pkey PRIMARY KEY (id);


--
-- Name: regions regions_pkey; Type: CONSTRAINT; Schema: public; Owner: crm_user
--

ALTER TABLE ONLY public.regions
    ADD CONSTRAINT regions_pkey PRIMARY KEY (id);


--
-- Name: retirement_statuses retirement_statuses_pkey; Type: CONSTRAINT; Schema: public; Owner: crm_user
--

ALTER TABLE ONLY public.retirement_statuses
    ADD CONSTRAINT retirement_statuses_pkey PRIMARY KEY (id);


--
-- Name: role_permissions role_permissions_pkey; Type: CONSTRAINT; Schema: public; Owner: crm_user
--

ALTER TABLE ONLY public.role_permissions
    ADD CONSTRAINT role_permissions_pkey PRIMARY KEY (role_id, permission_id);


--
-- Name: roles roles_pkey; Type: CONSTRAINT; Schema: public; Owner: crm_user
--

ALTER TABLE ONLY public.roles
    ADD CONSTRAINT roles_pkey PRIMARY KEY (id);


--
-- Name: safety_compliances safety_compliances_pkey; Type: CONSTRAINT; Schema: public; Owner: crm_user
--

ALTER TABLE ONLY public.safety_compliances
    ADD CONSTRAINT safety_compliances_pkey PRIMARY KEY (id);


--
-- Name: safety_groups safety_groups_pkey; Type: CONSTRAINT; Schema: public; Owner: crm_user
--

ALTER TABLE ONLY public.safety_groups
    ADD CONSTRAINT safety_groups_pkey PRIMARY KEY (id);


--
-- Name: settlements settlements_pkey; Type: CONSTRAINT; Schema: public; Owner: crm_user
--

ALTER TABLE ONLY public.settlements
    ADD CONSTRAINT settlements_pkey PRIMARY KEY (id);


--
-- Name: sites sites_pkey; Type: CONSTRAINT; Schema: public; Owner: crm_user
--

ALTER TABLE ONLY public.sites
    ADD CONSTRAINT sites_pkey PRIMARY KEY (id);


--
-- Name: termination_agreements termination_agreements_pkey; Type: CONSTRAINT; Schema: public; Owner: crm_user
--

ALTER TABLE ONLY public.termination_agreements
    ADD CONSTRAINT termination_agreements_pkey PRIMARY KEY (id);


--
-- Name: termination_quiz_option termination_quiz_option_pkey; Type: CONSTRAINT; Schema: public; Owner: crm_user
--

ALTER TABLE ONLY public.termination_quiz_option
    ADD CONSTRAINT termination_quiz_option_pkey PRIMARY KEY (id);


--
-- Name: termination_quiz_question termination_quiz_question_pkey; Type: CONSTRAINT; Schema: public; Owner: crm_user
--

ALTER TABLE ONLY public.termination_quiz_question
    ADD CONSTRAINT termination_quiz_question_pkey PRIMARY KEY (id);


--
-- Name: transport_types transport_types_pkey; Type: CONSTRAINT; Schema: public; Owner: crm_user
--

ALTER TABLE ONLY public.transport_types
    ADD CONSTRAINT transport_types_pkey PRIMARY KEY (id);


--
-- Name: regions uk1m9qnhbk56c8iskxvfupln9me; Type: CONSTRAINT; Schema: public; Owner: crm_user
--

ALTER TABLE ONLY public.regions
    ADD CONSTRAINT uk1m9qnhbk56c8iskxvfupln9me UNIQUE (name);


--
-- Name: project_specialties uk2k2rvlw608sv7gbpic272bsgo; Type: CONSTRAINT; Schema: public; Owner: crm_user
--

ALTER TABLE ONLY public.project_specialties
    ADD CONSTRAINT uk2k2rvlw608sv7gbpic272bsgo UNIQUE (name);


--
-- Name: sites uk3yyd9iafwesfu340rddu8gqjs; Type: CONSTRAINT; Schema: public; Owner: crm_user
--

ALTER TABLE ONLY public.sites
    ADD CONSTRAINT uk3yyd9iafwesfu340rddu8gqjs UNIQUE (name);


--
-- Name: companies uk50ygfritln653mnfhxucoy8up; Type: CONSTRAINT; Schema: public; Owner: crm_user
--

ALTER TABLE ONLY public.companies
    ADD CONSTRAINT uk50ygfritln653mnfhxucoy8up UNIQUE (name);


--
-- Name: safety_compliances uk5x289fqqgxlxj3vq5sx6g30su; Type: CONSTRAINT; Schema: public; Owner: crm_user
--

ALTER TABLE ONLY public.safety_compliances
    ADD CONSTRAINT uk5x289fqqgxlxj3vq5sx6g30su UNIQUE (name);


--
-- Name: users uk6dotkott2kjsp8vw4d0m25fb7; Type: CONSTRAINT; Schema: public; Owner: crm_user
--

ALTER TABLE ONLY public.users
    ADD CONSTRAINT uk6dotkott2kjsp8vw4d0m25fb7 UNIQUE (email);


--
-- Name: user_mfa uk6rlmi30g1ncaf3exf4h8x4s9p; Type: CONSTRAINT; Schema: public; Owner: crm_user
--

ALTER TABLE ONLY public.user_mfa
    ADD CONSTRAINT uk6rlmi30g1ncaf3exf4h8x4s9p UNIQUE (user_id);


--
-- Name: expats uk6twj8vtuwpj5qwck1r0pgogj0; Type: CONSTRAINT; Schema: public; Owner: crm_user
--

ALTER TABLE ONLY public.expats
    ADD CONSTRAINT uk6twj8vtuwpj5qwck1r0pgogj0 UNIQUE (name);


--
-- Name: nationalities uk6u84h6rense2otflksidln5f4; Type: CONSTRAINT; Schema: public; Owner: crm_user
--

ALTER TABLE ONLY public.nationalities
    ADD CONSTRAINT uk6u84h6rense2otflksidln5f4 UNIQUE (name);


--
-- Name: password_reset_tokens uk71lqwbwtklmljk3qlsugr1mig; Type: CONSTRAINT; Schema: public; Owner: crm_user
--

ALTER TABLE ONLY public.password_reset_tokens
    ADD CONSTRAINT uk71lqwbwtklmljk3qlsugr1mig UNIQUE (token);


--
-- Name: project_types uk8v38ghcpdy3g71g3dhd3lqcrw; Type: CONSTRAINT; Schema: public; Owner: crm_user
--

ALTER TABLE ONLY public.project_types
    ADD CONSTRAINT uk8v38ghcpdy3g71g3dhd3lqcrw UNIQUE (name);


--
-- Name: education_levels uk96dhduk7h6gox6xon0utp0r57; Type: CONSTRAINT; Schema: public; Owner: crm_user
--

ALTER TABLE ONLY public.education_levels
    ADD CONSTRAINT uk96dhduk7h6gox6xon0utp0r57 UNIQUE (name);


--
-- Name: zones uk9vf2c47kjchldfq92cptovfts; Type: CONSTRAINT; Schema: public; Owner: crm_user
--

ALTER TABLE ONLY public.zones
    ADD CONSTRAINT uk9vf2c47kjchldfq92cptovfts UNIQUE (name);


--
-- Name: contract_types ukbj1mlga5tdj2vbtb9w5h0fukj; Type: CONSTRAINT; Schema: public; Owner: crm_user
--

ALTER TABLE ONLY public.contract_types
    ADD CONSTRAINT ukbj1mlga5tdj2vbtb9w5h0fukj UNIQUE (name);


--
-- Name: hr_request_types ukce4auhby3hrl5asbwdoerhio8; Type: CONSTRAINT; Schema: public; Owner: crm_user
--

ALTER TABLE ONLY public.hr_request_types
    ADD CONSTRAINT ukce4auhby3hrl5asbwdoerhio8 UNIQUE (name);


--
-- Name: professions ukcqvqk2tchicta0ix5cgdpwdac; Type: CONSTRAINT; Schema: public; Owner: crm_user
--

ALTER TABLE ONLY public.professions
    ADD CONSTRAINT ukcqvqk2tchicta0ix5cgdpwdac UNIQUE (name);


--
-- Name: emergency_contact_relationships ukd5mtf4gkhh4083e0aluyiidvw; Type: CONSTRAINT; Schema: public; Owner: crm_user
--

ALTER TABLE ONLY public.emergency_contact_relationships
    ADD CONSTRAINT ukd5mtf4gkhh4083e0aluyiidvw UNIQUE (name);


--
-- Name: no_re_hired_causes ukdyj18jgajgsxb8xevd5gckix; Type: CONSTRAINT; Schema: public; Owner: crm_user
--

ALTER TABLE ONLY public.no_re_hired_causes
    ADD CONSTRAINT ukdyj18jgajgsxb8xevd5gckix UNIQUE (name);


--
-- Name: contract_statuses uke6dbytg7ggpkih68ke8wh8w9o; Type: CONSTRAINT; Schema: public; Owner: crm_user
--

ALTER TABLE ONLY public.contract_statuses
    ADD CONSTRAINT uke6dbytg7ggpkih68ke8wh8w9o UNIQUE (name);


--
-- Name: labor_unions ukfh9nvj5u799j05e20ff5fgf8f; Type: CONSTRAINT; Schema: public; Owner: crm_user
--

ALTER TABLE ONLY public.labor_unions
    ADD CONSTRAINT ukfh9nvj5u799j05e20ff5fgf8f UNIQUE (name);


--
-- Name: afps ukfove71ccgwoevsbm5j53qwfsx; Type: CONSTRAINT; Schema: public; Owner: crm_user
--

ALTER TABLE ONLY public.afps
    ADD CONSTRAINT ukfove71ccgwoevsbm5j53qwfsx UNIQUE (name);


--
-- Name: banks ukgfnfs2s5a771weqm28yvb2h5; Type: CONSTRAINT; Schema: public; Owner: crm_user
--

ALTER TABLE ONLY public.banks
    ADD CONSTRAINT ukgfnfs2s5a771weqm28yvb2h5 UNIQUE (name);


--
-- Name: refresh_tokens ukghpmfn23vmxfu3spu3lfg4r2d; Type: CONSTRAINT; Schema: public; Owner: crm_user
--

ALTER TABLE ONLY public.refresh_tokens
    ADD CONSTRAINT ukghpmfn23vmxfu3spu3lfg4r2d UNIQUE (token);


--
-- Name: family_allowance_tiers ukhx3lx1oxstfp9v77su0i36aex; Type: CONSTRAINT; Schema: public; Owner: crm_user
--

ALTER TABLE ONLY public.family_allowance_tiers
    ADD CONSTRAINT ukhx3lx1oxstfp9v77su0i36aex UNIQUE (name);


--
-- Name: genders ukil5d8rsjgn8m3eao1xfvdqrc7; Type: CONSTRAINT; Schema: public; Owner: crm_user
--

ALTER TABLE ONLY public.genders
    ADD CONSTRAINT ukil5d8rsjgn8m3eao1xfvdqrc7 UNIQUE (name);


--
-- Name: quality_of_work ukipf7r7qjm908mjrxt7cccwe9a; Type: CONSTRAINT; Schema: public; Owner: crm_user
--

ALTER TABLE ONLY public.quality_of_work
    ADD CONSTRAINT ukipf7r7qjm908mjrxt7cccwe9a UNIQUE (name);


--
-- Name: driver_licenses ukiubspddntt5mwjl04jwg275aq; Type: CONSTRAINT; Schema: public; Owner: crm_user
--

ALTER TABLE ONLY public.driver_licenses
    ADD CONSTRAINT ukiubspddntt5mwjl04jwg275aq UNIQUE (name);


--
-- Name: meal_types ukixwt13sabar55l63e36prodw3; Type: CONSTRAINT; Schema: public; Owner: crm_user
--

ALTER TABLE ONLY public.meal_types
    ADD CONSTRAINT ukixwt13sabar55l63e36prodw3 UNIQUE (name);


--
-- Name: employees ukj2dmgsma6pont6kf7nic9elpd; Type: CONSTRAINT; Schema: public; Owner: crm_user
--

ALTER TABLE ONLY public.employees
    ADD CONSTRAINT ukj2dmgsma6pont6kf7nic9elpd UNIQUE (user_id);


--
-- Name: projects ukj811jeb51jmt736um2wnolms8; Type: CONSTRAINT; Schema: public; Owner: crm_user
--

ALTER TABLE ONLY public.projects
    ADD CONSTRAINT ukj811jeb51jmt736um2wnolms8 UNIQUE (cost_center);


--
-- Name: payment_methods ukkxvufx13wi6icen4i2wltdj02; Type: CONSTRAINT; Schema: public; Owner: crm_user
--

ALTER TABLE ONLY public.payment_methods
    ADD CONSTRAINT ukkxvufx13wi6icen4i2wltdj02 UNIQUE (name);


--
-- Name: job_titles ukmq7g55vh6unug2wb17ajk0q9q; Type: CONSTRAINT; Schema: public; Owner: crm_user
--

ALTER TABLE ONLY public.job_titles
    ADD CONSTRAINT ukmq7g55vh6unug2wb17ajk0q9q UNIQUE (name);


--
-- Name: legal_termination_causes ukn702wcvrkki1wcm8yrpsnf164; Type: CONSTRAINT; Schema: public; Owner: crm_user
--

ALTER TABLE ONLY public.legal_termination_causes
    ADD CONSTRAINT ukn702wcvrkki1wcm8yrpsnf164 UNIQUE (name);


--
-- Name: identification_types uknapm19n1y2cvl0ddx7gpbjjj8; Type: CONSTRAINT; Schema: public; Owner: crm_user
--

ALTER TABLE ONLY public.identification_types
    ADD CONSTRAINT uknapm19n1y2cvl0ddx7gpbjjj8 UNIQUE (name);


--
-- Name: transport_types uknchah878xoc5x6uq18d88suqf; Type: CONSTRAINT; Schema: public; Owner: crm_user
--

ALTER TABLE ONLY public.transport_types
    ADD CONSTRAINT uknchah878xoc5x6uq18d88suqf UNIQUE (name);


--
-- Name: employee_statuses uknm7il2t1hmk2iglfaaoajkiwo; Type: CONSTRAINT; Schema: public; Owner: crm_user
--

ALTER TABLE ONLY public.employee_statuses
    ADD CONSTRAINT uknm7il2t1hmk2iglfaaoajkiwo UNIQUE (name);


--
-- Name: roles ukofx66keruapi6vyqpv6f2or37; Type: CONSTRAINT; Schema: public; Owner: crm_user
--

ALTER TABLE ONLY public.roles
    ADD CONSTRAINT ukofx66keruapi6vyqpv6f2or37 UNIQUE (name);


--
-- Name: pension_statuses ukogn4jobborfft5f2hqod9rwkx; Type: CONSTRAINT; Schema: public; Owner: crm_user
--

ALTER TABLE ONLY public.pension_statuses
    ADD CONSTRAINT ukogn4jobborfft5f2hqod9rwkx UNIQUE (name);


--
-- Name: retirement_statuses ukowtqedgoatqn5hinu6fg323w6; Type: CONSTRAINT; Schema: public; Owner: crm_user
--

ALTER TABLE ONLY public.retirement_statuses
    ADD CONSTRAINT ukowtqedgoatqn5hinu6fg323w6 UNIQUE (name);


--
-- Name: file_metadata ukpmfqrafpwr2ukomtoqj2k6qa; Type: CONSTRAINT; Schema: public; Owner: crm_user
--

ALTER TABLE ONLY public.file_metadata
    ADD CONSTRAINT ukpmfqrafpwr2ukomtoqj2k6qa UNIQUE (s3_key);


--
-- Name: permissions ukpnvtwliis6p05pn6i3ndjrqt2; Type: CONSTRAINT; Schema: public; Owner: crm_user
--

ALTER TABLE ONLY public.permissions
    ADD CONSTRAINT ukpnvtwliis6p05pn6i3ndjrqt2 UNIQUE (name);


--
-- Name: health_insurance_tariffs ukqu250yhm91kddqiiobbngnpbc; Type: CONSTRAINT; Schema: public; Owner: crm_user
--

ALTER TABLE ONLY public.health_insurance_tariffs
    ADD CONSTRAINT ukqu250yhm91kddqiiobbngnpbc UNIQUE (name);


--
-- Name: users ukr43af9ap4edm43mmtq01oddj6; Type: CONSTRAINT; Schema: public; Owner: crm_user
--

ALTER TABLE ONLY public.users
    ADD CONSTRAINT ukr43af9ap4edm43mmtq01oddj6 UNIQUE (username);


--
-- Name: safety_groups ukrvuvjogpvmyj5w7ghdu47f7j3; Type: CONSTRAINT; Schema: public; Owner: crm_user
--

ALTER TABLE ONLY public.safety_groups
    ADD CONSTRAINT ukrvuvjogpvmyj5w7ghdu47f7j3 UNIQUE (name);


--
-- Name: health_insurances ukry5d4g01qn3jlx9fal1yyqdl5; Type: CONSTRAINT; Schema: public; Owner: crm_user
--

ALTER TABLE ONLY public.health_insurances
    ADD CONSTRAINT ukry5d4g01qn3jlx9fal1yyqdl5 UNIQUE (name);


--
-- Name: marital_statuses uksdpma0oayjiqp4hf4d78v5qir; Type: CONSTRAINT; Schema: public; Owner: crm_user
--

ALTER TABLE ONLY public.marital_statuses
    ADD CONSTRAINT uksdpma0oayjiqp4hf4d78v5qir UNIQUE (name);


--
-- Name: project_statuses uktmjnrqslt2ruswkbmg6a0wh4o; Type: CONSTRAINT; Schema: public; Owner: crm_user
--

ALTER TABLE ONLY public.project_statuses
    ADD CONSTRAINT uktmjnrqslt2ruswkbmg6a0wh4o UNIQUE (name);


--
-- Name: user_mfa user_mfa_pkey; Type: CONSTRAINT; Schema: public; Owner: crm_user
--

ALTER TABLE ONLY public.user_mfa
    ADD CONSTRAINT user_mfa_pkey PRIMARY KEY (id);


--
-- Name: user_roles user_roles_pkey; Type: CONSTRAINT; Schema: public; Owner: crm_user
--

ALTER TABLE ONLY public.user_roles
    ADD CONSTRAINT user_roles_pkey PRIMARY KEY (user_id, role_id);


--
-- Name: user_sessions user_sessions_pkey; Type: CONSTRAINT; Schema: public; Owner: crm_user
--

ALTER TABLE ONLY public.user_sessions
    ADD CONSTRAINT user_sessions_pkey PRIMARY KEY (id);


--
-- Name: users users_pkey; Type: CONSTRAINT; Schema: public; Owner: crm_user
--

ALTER TABLE ONLY public.users
    ADD CONSTRAINT users_pkey PRIMARY KEY (id);


--
-- Name: zones zones_pkey; Type: CONSTRAINT; Schema: public; Owner: crm_user
--

ALTER TABLE ONLY public.zones
    ADD CONSTRAINT zones_pkey PRIMARY KEY (id);


--
-- Name: idx_admin_email_verification_user_id; Type: INDEX; Schema: public; Owner: crm_user
--

CREATE INDEX idx_admin_email_verification_user_id ON public.admin_email_verification_codes USING btree (user_id);


--
-- Name: idx_city_commune_id; Type: INDEX; Schema: public; Owner: crm_user
--

CREATE INDEX idx_city_commune_id ON public.cities USING btree (commune_id);


--
-- Name: idx_commune_region_id; Type: INDEX; Schema: public; Owner: crm_user
--

CREATE INDEX idx_commune_region_id ON public.communes USING btree (region_id);


--
-- Name: idx_contract_company_id; Type: INDEX; Schema: public; Owner: crm_user
--

CREATE INDEX idx_contract_company_id ON public.contracts USING btree (company_id);


--
-- Name: idx_contract_contract_status_id; Type: INDEX; Schema: public; Owner: crm_user
--

CREATE INDEX idx_contract_contract_status_id ON public.contracts USING btree (contract_status_id);


--
-- Name: idx_contract_created_at; Type: INDEX; Schema: public; Owner: crm_user
--

CREATE INDEX idx_contract_created_at ON public.contracts USING btree (created_at);


--
-- Name: idx_contract_employee_id; Type: INDEX; Schema: public; Owner: crm_user
--

CREATE INDEX idx_contract_employee_id ON public.contracts USING btree (employee_id);


--
-- Name: idx_contract_employee_status; Type: INDEX; Schema: public; Owner: crm_user
--

CREATE INDEX idx_contract_employee_status ON public.contracts USING btree (employee_id, contract_status_id);


--
-- Name: idx_contract_start_date; Type: INDEX; Schema: public; Owner: crm_user
--

CREATE INDEX idx_contract_start_date ON public.contracts USING btree (start_date);


--
-- Name: idx_contract_status_id; Type: INDEX; Schema: public; Owner: crm_user
--

CREATE INDEX idx_contract_status_id ON public.contracts USING btree (status_id);


--
-- Name: idx_email_verification_user_id; Type: INDEX; Schema: public; Owner: crm_user
--

CREATE INDEX idx_email_verification_user_id ON public.email_verification_codes USING btree (user_id);


--
-- Name: idx_employee_active; Type: INDEX; Schema: public; Owner: crm_user
--

CREATE INDEX idx_employee_active ON public.employees USING btree (active);


--
-- Name: idx_employee_active_status; Type: INDEX; Schema: public; Owner: crm_user
--

CREATE INDEX idx_employee_active_status ON public.employees USING btree (active, status_id);


--
-- Name: idx_employee_created_at; Type: INDEX; Schema: public; Owner: crm_user
--

CREATE INDEX idx_employee_created_at ON public.employees USING btree (created_at);


--
-- Name: idx_employee_identification; Type: INDEX; Schema: public; Owner: crm_user
--

CREATE INDEX idx_employee_identification ON public.employees USING btree (identification);


--
-- Name: idx_employee_status_id; Type: INDEX; Schema: public; Owner: crm_user
--

CREATE INDEX idx_employee_status_id ON public.employees USING btree (status_id);


--
-- Name: idx_employee_user_id; Type: INDEX; Schema: public; Owner: crm_user
--

CREATE INDEX idx_employee_user_id ON public.employees USING btree (user_id);


--
-- Name: idx_file_entity; Type: INDEX; Schema: public; Owner: crm_user
--

CREATE INDEX idx_file_entity ON public.file_metadata USING btree (entity_type, entity_id);


--
-- Name: idx_file_uploaded_by; Type: INDEX; Schema: public; Owner: crm_user
--

CREATE INDEX idx_file_uploaded_by ON public.file_metadata USING btree (uploaded_by);


--
-- Name: idx_hr_request_contract_id; Type: INDEX; Schema: public; Owner: crm_user
--

CREATE INDEX idx_hr_request_contract_id ON public.hr_requests USING btree (contract_id);


--
-- Name: idx_hr_request_created_at; Type: INDEX; Schema: public; Owner: crm_user
--

CREATE INDEX idx_hr_request_created_at ON public.hr_requests USING btree (created_at);


--
-- Name: idx_hr_request_id_module; Type: INDEX; Schema: public; Owner: crm_user
--

CREATE INDEX idx_hr_request_id_module ON public.hr_requests USING btree (id_module);


--
-- Name: idx_hr_request_module_status; Type: INDEX; Schema: public; Owner: crm_user
--

CREATE INDEX idx_hr_request_module_status ON public.hr_requests USING btree (id_module, status_id);


--
-- Name: idx_hr_request_settlement_id; Type: INDEX; Schema: public; Owner: crm_user
--

CREATE INDEX idx_hr_request_settlement_id ON public.hr_requests USING btree (settlement_id);


--
-- Name: idx_hr_request_status_id; Type: INDEX; Schema: public; Owner: crm_user
--

CREATE INDEX idx_hr_request_status_id ON public.hr_requests USING btree (status_id);


--
-- Name: idx_hr_request_type_id; Type: INDEX; Schema: public; Owner: crm_user
--

CREATE INDEX idx_hr_request_type_id ON public.hr_requests USING btree (request_type_id);


--
-- Name: idx_legal_termination_cause_active; Type: INDEX; Schema: public; Owner: crm_user
--

CREATE INDEX idx_legal_termination_cause_active ON public.legal_termination_causes USING btree (active);


--
-- Name: idx_legal_termination_cause_created_at; Type: INDEX; Schema: public; Owner: crm_user
--

CREATE INDEX idx_legal_termination_cause_created_at ON public.legal_termination_causes USING btree (created_at);


--
-- Name: idx_no_re_hired_cause_active; Type: INDEX; Schema: public; Owner: crm_user
--

CREATE INDEX idx_no_re_hired_cause_active ON public.no_re_hired_causes USING btree (active);


--
-- Name: idx_no_re_hired_cause_created_at; Type: INDEX; Schema: public; Owner: crm_user
--

CREATE INDEX idx_no_re_hired_cause_created_at ON public.no_re_hired_causes USING btree (created_at);


--
-- Name: idx_notification_user_id; Type: INDEX; Schema: public; Owner: crm_user
--

CREATE INDEX idx_notification_user_id ON public.notifications USING btree (user_id);


--
-- Name: idx_password_reset_user_id; Type: INDEX; Schema: public; Owner: crm_user
--

CREATE INDEX idx_password_reset_user_id ON public.password_reset_tokens USING btree (user_id);


--
-- Name: idx_project_active; Type: INDEX; Schema: public; Owner: crm_user
--

CREATE INDEX idx_project_active ON public.projects USING btree (active);


--
-- Name: idx_project_cost_center; Type: INDEX; Schema: public; Owner: crm_user
--

CREATE INDEX idx_project_cost_center ON public.projects USING btree (cost_center);


--
-- Name: idx_project_created_at; Type: INDEX; Schema: public; Owner: crm_user
--

CREATE INDEX idx_project_created_at ON public.projects USING btree (created_at);


--
-- Name: idx_project_specialty_active; Type: INDEX; Schema: public; Owner: crm_user
--

CREATE INDEX idx_project_specialty_active ON public.project_specialties USING btree (active);


--
-- Name: idx_project_specialty_created_at; Type: INDEX; Schema: public; Owner: crm_user
--

CREATE INDEX idx_project_specialty_created_at ON public.project_specialties USING btree (created_at);


--
-- Name: idx_project_specialty_id; Type: INDEX; Schema: public; Owner: crm_user
--

CREATE INDEX idx_project_specialty_id ON public.projects USING btree (specialty_id);


--
-- Name: idx_project_status_active; Type: INDEX; Schema: public; Owner: crm_user
--

CREATE INDEX idx_project_status_active ON public.project_statuses USING btree (active);


--
-- Name: idx_project_status_created_at; Type: INDEX; Schema: public; Owner: crm_user
--

CREATE INDEX idx_project_status_created_at ON public.project_statuses USING btree (created_at);


--
-- Name: idx_project_status_id; Type: INDEX; Schema: public; Owner: crm_user
--

CREATE INDEX idx_project_status_id ON public.projects USING btree (status_id);


--
-- Name: idx_project_type_active; Type: INDEX; Schema: public; Owner: crm_user
--

CREATE INDEX idx_project_type_active ON public.project_types USING btree (active);


--
-- Name: idx_project_type_created_at; Type: INDEX; Schema: public; Owner: crm_user
--

CREATE INDEX idx_project_type_created_at ON public.project_types USING btree (created_at);


--
-- Name: idx_project_type_id; Type: INDEX; Schema: public; Owner: crm_user
--

CREATE INDEX idx_project_type_id ON public.projects USING btree (type_id);


--
-- Name: idx_quality_of_work_active; Type: INDEX; Schema: public; Owner: crm_user
--

CREATE INDEX idx_quality_of_work_active ON public.quality_of_work USING btree (active);


--
-- Name: idx_quality_of_work_created_at; Type: INDEX; Schema: public; Owner: crm_user
--

CREATE INDEX idx_quality_of_work_created_at ON public.quality_of_work USING btree (created_at);


--
-- Name: idx_refresh_token_user_id; Type: INDEX; Schema: public; Owner: crm_user
--

CREATE INDEX idx_refresh_token_user_id ON public.refresh_tokens USING btree (user_id);


--
-- Name: idx_safety_compliance_active; Type: INDEX; Schema: public; Owner: crm_user
--

CREATE INDEX idx_safety_compliance_active ON public.safety_compliances USING btree (active);


--
-- Name: idx_safety_compliance_created_at; Type: INDEX; Schema: public; Owner: crm_user
--

CREATE INDEX idx_safety_compliance_created_at ON public.safety_compliances USING btree (created_at);


--
-- Name: idx_stl_contract_id; Type: INDEX; Schema: public; Owner: crm_user
--

CREATE INDEX idx_stl_contract_id ON public.settlements USING btree (contract_id);


--
-- Name: idx_stl_created_at; Type: INDEX; Schema: public; Owner: crm_user
--

CREATE INDEX idx_stl_created_at ON public.settlements USING btree (created_at);


--
-- Name: idx_stl_employee_id; Type: INDEX; Schema: public; Owner: crm_user
--

CREATE INDEX idx_stl_employee_id ON public.settlements USING btree (employee_id);


--
-- Name: idx_stl_end_date; Type: INDEX; Schema: public; Owner: crm_user
--

CREATE INDEX idx_stl_end_date ON public.settlements USING btree (end_date);


--
-- Name: idx_ta_contract_id; Type: INDEX; Schema: public; Owner: crm_user
--

CREATE INDEX idx_ta_contract_id ON public.termination_agreements USING btree (contract_id);


--
-- Name: idx_ta_created_at; Type: INDEX; Schema: public; Owner: crm_user
--

CREATE INDEX idx_ta_created_at ON public.termination_agreements USING btree (created_at);


--
-- Name: idx_ta_employee_id; Type: INDEX; Schema: public; Owner: crm_user
--

CREATE INDEX idx_ta_employee_id ON public.termination_agreements USING btree (employee_id);


--
-- Name: idx_ta_end_date; Type: INDEX; Schema: public; Owner: crm_user
--

CREATE INDEX idx_ta_end_date ON public.termination_agreements USING btree (end_date);


--
-- Name: idx_ta_status; Type: INDEX; Schema: public; Owner: crm_user
--

CREATE INDEX idx_ta_status ON public.termination_agreements USING btree (status);


--
-- Name: idx_tqo_question_id; Type: INDEX; Schema: public; Owner: crm_user
--

CREATE INDEX idx_tqo_question_id ON public.termination_quiz_option USING btree (question_id);


--
-- Name: idx_tqq_active; Type: INDEX; Schema: public; Owner: crm_user
--

CREATE INDEX idx_tqq_active ON public.termination_quiz_question USING btree (active);


--
-- Name: idx_tqq_created_at; Type: INDEX; Schema: public; Owner: crm_user
--

CREATE INDEX idx_tqq_created_at ON public.termination_quiz_question USING btree (created_at);


--
-- Name: idx_tqq_group; Type: INDEX; Schema: public; Owner: crm_user
--

CREATE INDEX idx_tqq_group ON public.termination_quiz_question USING btree (question_group);


--
-- Name: idx_user_session_user_id; Type: INDEX; Schema: public; Owner: crm_user
--

CREATE INDEX idx_user_session_user_id ON public.user_sessions USING btree (user_id);


--
-- Name: settlements fk1940uo9o1utx56vx3u1ljgqtn; Type: FK CONSTRAINT; Schema: public; Owner: crm_user
--

ALTER TABLE ONLY public.settlements
    ADD CONSTRAINT fk1940uo9o1utx56vx3u1ljgqtn FOREIGN KEY (employee_id) REFERENCES public.employees(id);


--
-- Name: hr_requests fk19w6y70ov3jyav578d1q3wrw2; Type: FK CONSTRAINT; Schema: public; Owner: crm_user
--

ALTER TABLE ONLY public.hr_requests
    ADD CONSTRAINT fk19w6y70ov3jyav578d1q3wrw2 FOREIGN KEY (id_module) REFERENCES public.employees(id);


--
-- Name: settlements fk417d1xv7v0wtxno9kbfrp4p1r; Type: FK CONSTRAINT; Schema: public; Owner: crm_user
--

ALTER TABLE ONLY public.settlements
    ADD CONSTRAINT fk417d1xv7v0wtxno9kbfrp4p1r FOREIGN KEY (quality_of_work_id) REFERENCES public.quality_of_work(id);


--
-- Name: projects fk53o7v6gmlvrgoqnmjlh8v4pwm; Type: FK CONSTRAINT; Schema: public; Owner: crm_user
--

ALTER TABLE ONLY public.projects
    ADD CONSTRAINT fk53o7v6gmlvrgoqnmjlh8v4pwm FOREIGN KEY (status_id) REFERENCES public.project_statuses(id);


--
-- Name: project_company_representatives fk6g9lbkn8ywrk6w0cl498ecqmv; Type: FK CONSTRAINT; Schema: public; Owner: crm_user
--

ALTER TABLE ONLY public.project_company_representatives
    ADD CONSTRAINT fk6g9lbkn8ywrk6w0cl498ecqmv FOREIGN KEY (project_id) REFERENCES public.projects(id);


--
-- Name: settlements fk702sk8v2kof0chyf51v64ctpq; Type: FK CONSTRAINT; Schema: public; Owner: crm_user
--

ALTER TABLE ONLY public.settlements
    ADD CONSTRAINT fk702sk8v2kof0chyf51v64ctpq FOREIGN KEY (legal_termination_cause_id) REFERENCES public.legal_termination_causes(id);


--
-- Name: settlements fk74c70qnx2m79b5nwyf2xib2un; Type: FK CONSTRAINT; Schema: public; Owner: crm_user
--

ALTER TABLE ONLY public.settlements
    ADD CONSTRAINT fk74c70qnx2m79b5nwyf2xib2un FOREIGN KEY (hr_request_id) REFERENCES public.hr_requests(id);


--
-- Name: termination_agreements fk7nfg05l9ipndpcm2cccrtsnjm; Type: FK CONSTRAINT; Schema: public; Owner: crm_user
--

ALTER TABLE ONLY public.termination_agreements
    ADD CONSTRAINT fk7nfg05l9ipndpcm2cccrtsnjm FOREIGN KEY (safety_compliance_id) REFERENCES public.safety_compliances(id);


--
-- Name: settlements fka2meg2lbxmb848ri9i00u2dgn; Type: FK CONSTRAINT; Schema: public; Owner: crm_user
--

ALTER TABLE ONLY public.settlements
    ADD CONSTRAINT fka2meg2lbxmb848ri9i00u2dgn FOREIGN KEY (no_re_hired_cause_id) REFERENCES public.no_re_hired_causes(id);


--
-- Name: termination_quiz_option fkao1cuof9pwi44aeqq70g6hkom; Type: FK CONSTRAINT; Schema: public; Owner: crm_user
--

ALTER TABLE ONLY public.termination_quiz_option
    ADD CONSTRAINT fkao1cuof9pwi44aeqq70g6hkom FOREIGN KEY (question_id) REFERENCES public.termination_quiz_question(id);


--
-- Name: termination_agreements fkc3obcsnvbwusx067k0myh7b4m; Type: FK CONSTRAINT; Schema: public; Owner: crm_user
--

ALTER TABLE ONLY public.termination_agreements
    ADD CONSTRAINT fkc3obcsnvbwusx067k0myh7b4m FOREIGN KEY (contract_id) REFERENCES public.contracts(id);


--
-- Name: termination_agreements fkc4i1xieaxrkej9i82ng2pehip; Type: FK CONSTRAINT; Schema: public; Owner: crm_user
--

ALTER TABLE ONLY public.termination_agreements
    ADD CONSTRAINT fkc4i1xieaxrkej9i82ng2pehip FOREIGN KEY (hr_request_id) REFERENCES public.hr_requests(id);


--
-- Name: role_permissions fkegdk29eiy7mdtefy5c7eirr6e; Type: FK CONSTRAINT; Schema: public; Owner: crm_user
--

ALTER TABLE ONLY public.role_permissions
    ADD CONSTRAINT fkegdk29eiy7mdtefy5c7eirr6e FOREIGN KEY (permission_id) REFERENCES public.permissions(id);


--
-- Name: contracts fkf5c9xgkxh0n28hbhsgo5rkq58; Type: FK CONSTRAINT; Schema: public; Owner: crm_user
--

ALTER TABLE ONLY public.contracts
    ADD CONSTRAINT fkf5c9xgkxh0n28hbhsgo5rkq58 FOREIGN KEY (employee_id) REFERENCES public.employees(id);


--
-- Name: termination_agreements fkf73fuubojcyyqqqb79laqlup2; Type: FK CONSTRAINT; Schema: public; Owner: crm_user
--

ALTER TABLE ONLY public.termination_agreements
    ADD CONSTRAINT fkf73fuubojcyyqqqb79laqlup2 FOREIGN KEY (quality_of_work_id) REFERENCES public.quality_of_work(id);


--
-- Name: termination_agreements fkgjb7cfqqfyrmj9am75cm2humj; Type: FK CONSTRAINT; Schema: public; Owner: crm_user
--

ALTER TABLE ONLY public.termination_agreements
    ADD CONSTRAINT fkgjb7cfqqfyrmj9am75cm2humj FOREIGN KEY (no_re_hired_cause_id) REFERENCES public.no_re_hired_causes(id);


--
-- Name: user_roles fkh8ciramu9cc9q3qcqiv4ue8a6; Type: FK CONSTRAINT; Schema: public; Owner: crm_user
--

ALTER TABLE ONLY public.user_roles
    ADD CONSTRAINT fkh8ciramu9cc9q3qcqiv4ue8a6 FOREIGN KEY (role_id) REFERENCES public.roles(id);


--
-- Name: user_roles fkhfh9dx7w3ubf1co1vdev94g3f; Type: FK CONSTRAINT; Schema: public; Owner: crm_user
--

ALTER TABLE ONLY public.user_roles
    ADD CONSTRAINT fkhfh9dx7w3ubf1co1vdev94g3f FOREIGN KEY (user_id) REFERENCES public.users(id);


--
-- Name: settlements fklh2aqb6q5ud99llywlchtagn4; Type: FK CONSTRAINT; Schema: public; Owner: crm_user
--

ALTER TABLE ONLY public.settlements
    ADD CONSTRAINT fklh2aqb6q5ud99llywlchtagn4 FOREIGN KEY (safety_compliance_id) REFERENCES public.safety_compliances(id);


--
-- Name: termination_agreements fklqcpja91doepyex9u1jikw9mi; Type: FK CONSTRAINT; Schema: public; Owner: crm_user
--

ALTER TABLE ONLY public.termination_agreements
    ADD CONSTRAINT fklqcpja91doepyex9u1jikw9mi FOREIGN KEY (legal_termination_cause_id) REFERENCES public.legal_termination_causes(id);


--
-- Name: role_permissions fkn5fotdgk8d1xvo8nav9uv3muc; Type: FK CONSTRAINT; Schema: public; Owner: crm_user
--

ALTER TABLE ONLY public.role_permissions
    ADD CONSTRAINT fkn5fotdgk8d1xvo8nav9uv3muc FOREIGN KEY (role_id) REFERENCES public.roles(id);


--
-- Name: projects fkp0gnstlv6h5prl8e5m5n689my; Type: FK CONSTRAINT; Schema: public; Owner: crm_user
--

ALTER TABLE ONLY public.projects
    ADD CONSTRAINT fkp0gnstlv6h5prl8e5m5n689my FOREIGN KEY (type_id) REFERENCES public.project_types(id);


--
-- Name: termination_agreements fkp2c3pkta61ftcb6xvj8vpkn1x; Type: FK CONSTRAINT; Schema: public; Owner: crm_user
--

ALTER TABLE ONLY public.termination_agreements
    ADD CONSTRAINT fkp2c3pkta61ftcb6xvj8vpkn1x FOREIGN KEY (employee_id) REFERENCES public.employees(id);


--
-- Name: settlements fkpqhy1m3y2escd0kxd60i38wem; Type: FK CONSTRAINT; Schema: public; Owner: crm_user
--

ALTER TABLE ONLY public.settlements
    ADD CONSTRAINT fkpqhy1m3y2escd0kxd60i38wem FOREIGN KEY (contract_id) REFERENCES public.contracts(id);


--
-- Name: projects fks56vk9y2qh73fl8pmxggn5g6; Type: FK CONSTRAINT; Schema: public; Owner: crm_user
--

ALTER TABLE ONLY public.projects
    ADD CONSTRAINT fks56vk9y2qh73fl8pmxggn5g6 FOREIGN KEY (specialty_id) REFERENCES public.project_specialties(id);


--
-- PostgreSQL database dump complete
--

\unrestrict HKK9n41V83JRwP5UtQjSWcYW9S7cTzePDYsDJOmQMT7Ezux8CnI6JpRy1WCN54x

